2025-11-15 21:39:01 error: 	uncaughtException: ⨯ Unable to compile TypeScript:
[96msrc/modulos/noticias/noticias.service.ts[0m:[93m60[0m:[93m64[0m - [91merror[0m[90m TS2345: [0mArgument of type '{ categoria: { categoriaId: number; nombre: string; }; autor: { usuarioId: number; nombre_completo: string; email: string; }; _count: { comentarios: number; }; } & { noticiaId: number; titulo: string; ... 8 more ...; categoriaId: number; }' is not assignable to parameter of type '{ noticia_id: number; }'.
  Property 'noticia_id' is missing in type '{ categoria: { categoriaId: number; nombre: string; }; autor: { usuarioId: number; nombre_completo: string; email: string; }; _count: { comentarios: number; }; } & { noticiaId: number; titulo: string; ... 8 more ...; categoriaId: number; }' but required in type '{ noticia_id: number; }'.

[7m60[0m       return noticias.map((noticia) => this.adjuntarReacciones(noticia));
[7m  [0m [91m                                                               ~~~~~~~[0m

  [96msrc/modulos/noticias/noticias.service.ts[0m:[93m21[0m:[93m42[0m
    [7m21[0m   private adjuntarReacciones<T extends { noticia_id: number }>(
    [7m  [0m [96m                                         ~~~~~~~~~~[0m
    'noticia_id' is declared here.
[96msrc/modulos/noticias/noticias.service.ts[0m:[93m64[0m:[93m47[0m - [91merror[0m[90m TS2551: [0mProperty 'noticia_id' does not exist on type '{ categoria: { categoriaId: number; nombre: string; }; autor: { usuarioId: number; nombre_completo: string; email: string; }; _count: { comentarios: number; }; } & { noticiaId: number; titulo: string; ... 8 more ...; categoriaId: number; }'. Did you mean 'noticiaId'?

[7m64[0m     const noticia_ids = noticias.map((n) => n.noticia_id);
[7m  [0m [91m                                              ~~~~~~~~~~[0m
[96msrc/modulos/noticias/noticias.service.ts[0m:[93m69[0m:[93m31[0m - [91merror[0m[90m TS2345: [0mArgument of type '{ categoria: { categoriaId: number; nombre: string; }; autor: { usuarioId: number; nombre_completo: string; email: string; }; _count: { comentarios: number; }; } & { noticiaId: number; titulo: string; ... 8 more ...; categoriaId: number; }' is not assignable to parameter of type '{ noticia_id: number; }'.
  Property 'noticia_id' is missing in type '{ categoria: { categoriaId: number; nombre: string; }; autor: { usuarioId: number; nombre_completo: string; email: string; }; _count: { comentarios: number; }; } & { noticiaId: number; titulo: string; ... 8 more ...; categoriaId: number; }' but required in type '{ noticia_id: number; }'.

[7m69[0m       this.adjuntarReacciones(noticia, conteos[noticia.noticia_id])
[7m  [0m [91m                              ~~~~~~~[0m

  [96msrc/modulos/noticias/noticias.service.ts[0m:[93m21[0m:[93m42[0m
    [7m21[0m   private adjuntarReacciones<T extends { noticia_id: number }>(
    [7m  [0m [96m                                         ~~~~~~~~~~[0m
    'noticia_id' is declared here.
[96msrc/modulos/noticias/noticias.service.ts[0m:[93m69[0m:[93m56[0m - [91merror[0m[90m TS2551: [0mProperty 'noticia_id' does not exist on type '{ categoria: { categoriaId: number; nombre: string; }; autor: { usuarioId: number; nombre_completo: string; email: string; }; _count: { comentarios: number; }; } & { noticiaId: number; titulo: string; ... 8 more ...; categoriaId: number; }'. Did you mean 'noticiaId'?

[7m69[0m       this.adjuntarReacciones(noticia, conteos[noticia.noticia_id])
[7m  [0m [91m                                                       ~~~~~~~~~~[0m
[96msrc/modulos/noticias/noticias.service.ts[0m:[93m85[0m:[93m38[0m - [91merror[0m[90m TS2345: [0mArgument of type '{ categoria: { categoriaId: number; nombre: string; }; autor: { usuarioId: number; nombre_completo: string; email: string; rol: string; }; comentarios: ({ usuario: { usuarioId: number; nombre_completo: string; }; respuestas: ({ ...; } & { ...; })[]; } & { ...; })[]; } & { ...; }' is not assignable to parameter of type '{ noticia_id: number; }'.
  Property 'noticia_id' is missing in type '{ categoria: { categoriaId: number; nombre: string; }; autor: { usuarioId: number; nombre_completo: string; email: string; rol: string; }; comentarios: ({ usuario: { usuarioId: number; nombre_completo: string; }; respuestas: ({ ...; } & { ...; })[]; } & { ...; })[]; } & { ...; }' but required in type '{ noticia_id: number; }'.

[7m85[0m       return this.adjuntarReacciones(noticia);
[7m  [0m [91m                                     ~~~~~~~[0m

  [96msrc/modulos/noticias/noticias.service.ts[0m:[93m21[0m:[93m42[0m
    [7m21[0m   private adjuntarReacciones<T extends { noticia_id: number }>(
    [7m  [0m [96m                                         ~~~~~~~~~~[0m
    'noticia_id' is declared here.
[96msrc/modulos/noticias/noticias.service.ts[0m:[93m225[0m:[93m64[0m - [91merror[0m[90m TS2345: [0mArgument of type '{ categoria: { categoriaId: number; nombre: string; }; autor: { usuarioId: number; nombre_completo: string; email: string; }; _count: { comentarios: number; }; } & { noticiaId: number; titulo: string; ... 8 more ...; categoriaId: number; }' is not assignable to parameter of type '{ noticia_id: number; }'.
  Property 'noticia_id' is missing in type '{ categoria: { categoriaId: number; nombre: string; }; autor: { usuarioId: number; nombre_completo: string; email: string; }; _count: { comentarios: number; }; } & { noticiaId: number; titulo: string; ... 8 more ...; categoriaId: number; }' but required in type '{ noticia_id: number; }'.

[7m225[0m       return noticias.map((noticia) => this.adjuntarReacciones(noticia));
[7m   [0m [91m                                                               ~~~~~~~[0m

  [96msrc/modulos/noticias/noticias.service.ts[0m:[93m21[0m:[93m42[0m
    [7m21[0m   private adjuntarReacciones<T extends { noticia_id: number }>(
    [7m  [0m [96m                                         ~~~~~~~~~~[0m
    'noticia_id' is declared here.
[96msrc/modulos/noticias/noticias.service.ts[0m:[93m229[0m:[93m47[0m - [91merror[0m[90m TS2551: [0mProperty 'noticia_id' does not exist on type '{ categoria: { categoriaId: number; nombre: string; }; autor: { usuarioId: number; nombre_completo: string; email: string; }; _count: { comentarios: number; }; } & { noticiaId: number; titulo: string; ... 8 more ...; categoriaId: number; }'. Did you mean 'noticiaId'?

[7m229[0m     const noticia_ids = noticias.map((n) => n.noticia_id);
[7m   [0m [91m                                              ~~~~~~~~~~[0m
[96msrc/modulos/noticias/noticias.service.ts[0m:[93m234[0m:[93m31[0m - [91merror[0m[90m TS2345: [0mArgument of type '{ categoria: { categoriaId: number; nombre: string; }; autor: { usuarioId: number; nombre_completo: string; email: string; }; _count: { comentarios: number; }; } & { noticiaId: number; titulo: string; ... 8 more ...; categoriaId: number; }' is not assignable to parameter of type '{ noticia_id: number; }'.
  Property 'noticia_id' is missing in type '{ categoria: { categoriaId: number; nombre: string; }; autor: { usuarioId: number; nombre_completo: string; email: string; }; _count: { comentarios: number; }; } & { noticiaId: number; titulo: string; ... 8 more ...; categoriaId: number; }' but required in type '{ noticia_id: number; }'.

[7m234[0m       this.adjuntarReacciones(noticia, conteos[noticia.noticia_id])
[7m   [0m [91m                              ~~~~~~~[0m

  [96msrc/modulos/noticias/noticias.service.ts[0m:[93m21[0m:[93m42[0m
    [7m21[0m   private adjuntarReacciones<T extends { noticia_id: number }>(
    [7m  [0m [96m                                         ~~~~~~~~~~[0m
    'noticia_id' is declared here.
[96msrc/modulos/noticias/noticias.service.ts[0m:[93m234[0m:[93m56[0m - [91merror[0m[90m TS2551: [0mProperty 'noticia_id' does not exist on type '{ categoria: { categoriaId: number; nombre: string; }; autor: { usuarioId: number; nombre_completo: string; email: string; }; _count: { comentarios: number; }; } & { noticiaId: number; titulo: string; ... 8 more ...; categoriaId: number; }'. Did you mean 'noticiaId'?

[7m234[0m       this.adjuntarReacciones(noticia, conteos[noticia.noticia_id])
[7m   [0m [91m                                                       ~~~~~~~~~~[0m
[96msrc/modulos/noticias/noticias.service.ts[0m:[93m247[0m:[93m64[0m - [91merror[0m[90m TS2345: [0mArgument of type '{ categoria: { categoriaId: number; nombre: string; }; autor: { usuarioId: number; nombre_completo: string; }; } & { noticiaId: number; titulo: string; extracto: string; contenido_noticia: string; ... 6 more ...; categoriaId: number; }' is not assignable to parameter of type '{ noticia_id: number; }'.
  Property 'noticia_id' is missing in type '{ categoria: { categoriaId: number; nombre: string; }; autor: { usuarioId: number; nombre_completo: string; }; } & { noticiaId: number; titulo: string; extracto: string; contenido_noticia: string; ... 6 more ...; categoriaId: number; }' but required in type '{ noticia_id: number; }'.

[7m247[0m       return noticias.map((noticia) => this.adjuntarReacciones(noticia));
[7m   [0m [91m                                                               ~~~~~~~[0m

  [96msrc/modulos/noticias/noticias.service.ts[0m:[93m21[0m:[93m42[0m
    [7m21[0m   private adjuntarReacciones<T extends { noticia_id: number }>(
    [7m  [0m [96m                                         ~~~~~~~~~~[0m
    'noticia_id' is declared here.
[96msrc/modulos/noticias/noticias.service.ts[0m:[93m250[0m:[93m47[0m - [91merror[0m[90m TS2551: [0mProperty 'noticia_id' does not exist on type '{ categoria: { categoriaId: number; nombre: string; }; autor: { usuarioId: number; nombre_completo: string; }; } & { noticiaId: number; titulo: string; extracto: string; contenido_noticia: string; ... 6 more ...; categoriaId: number; }'. Did you mean 'noticiaId'?

[7m250[0m     const noticia_ids = noticias.map((n) => n.noticia_id);
[7m   [0m [91m                                              ~~~~~~~~~~[0m
[96msrc/modulos/noticias/noticias.service.ts[0m:[93m254[0m:[93m31[0m - [91merror[0m[90m TS2345: [0mArgument of type '{ categoria: { categoriaId: number; nombre: string; }; autor: { usuarioId: number; nombre_completo: string; }; } & { noticiaId: number; titulo: string; extracto: string; contenido_noticia: string; ... 6 more ...; categoriaId: number; }' is not assignable to parameter of type '{ noticia_id: number; }'.
  Property 'noticia_id' is missing in type '{ categoria: { categoriaId: number; nombre: string; }; autor: { usuarioId: number; nombre_completo: string; }; } & { noticiaId: number; titulo: string; extracto: string; contenido_noticia: string; ... 6 more ...; categoriaId: number; }' but required in type '{ noticia_id: number; }'.

[7m254[0m       this.adjuntarReacciones(noticia, conteos[noticia.noticia_id])
[7m   [0m [91m                              ~~~~~~~[0m

  [96msrc/modulos/noticias/noticias.service.ts[0m:[93m21[0m:[93m42[0m
    [7m21[0m   private adjuntarReacciones<T extends { noticia_id: number }>(
    [7m  [0m [96m                                         ~~~~~~~~~~[0m
    'noticia_id' is declared here.
[96msrc/modulos/noticias/noticias.service.ts[0m:[93m254[0m:[93m56[0m - [91merror[0m[90m TS2551: [0mProperty 'noticia_id' does not exist on type '{ categoria: { categoriaId: number; nombre: string; }; autor: { usuarioId: number; nombre_completo: string; }; } & { noticiaId: number; titulo: string; extracto: string; contenido_noticia: string; ... 6 more ...; categoriaId: number; }'. Did you mean 'noticiaId'?

[7m254[0m       this.adjuntarReacciones(noticia, conteos[noticia.noticia_id])
[7m   [0m [91m                                                       ~~~~~~~~~~[0m

TSError: ⨯ Unable to compile TypeScript:
[96msrc/modulos/noticias/noticias.service.ts[0m:[93m60[0m:[93m64[0m - [91merror[0m[90m TS2345: [0mArgument of type '{ categoria: { categoriaId: number; nombre: string; }; autor: { usuarioId: number; nombre_completo: string; email: string; }; _count: { comentarios: number; }; } & { noticiaId: number; titulo: string; ... 8 more ...; categoriaId: number; }' is not assignable to parameter of type '{ noticia_id: number; }'.
  Property 'noticia_id' is missing in type '{ categoria: { categoriaId: number; nombre: string; }; autor: { usuarioId: number; nombre_completo: string; email: string; }; _count: { comentarios: number; }; } & { noticiaId: number; titulo: string; ... 8 more ...; categoriaId: number; }' but required in type '{ noticia_id: number; }'.

[7m60[0m       return noticias.map((noticia) => this.adjuntarReacciones(noticia));
[7m  [0m [91m                                                               ~~~~~~~[0m

  [96msrc/modulos/noticias/noticias.service.ts[0m:[93m21[0m:[93m42[0m
    [7m21[0m   private adjuntarReacciones<T extends { noticia_id: number }>(
    [7m  [0m [96m                                         ~~~~~~~~~~[0m
    'noticia_id' is declared here.
[96msrc/modulos/noticias/noticias.service.ts[0m:[93m64[0m:[93m47[0m - [91merror[0m[90m TS2551: [0mProperty 'noticia_id' does not exist on type '{ categoria: { categoriaId: number; nombre: string; }; autor: { usuarioId: number; nombre_completo: string; email: string; }; _count: { comentarios: number; }; } & { noticiaId: number; titulo: string; ... 8 more ...; categoriaId: number; }'. Did you mean 'noticiaId'?

[7m64[0m     const noticia_ids = noticias.map((n) => n.noticia_id);
[7m  [0m [91m                                              ~~~~~~~~~~[0m
[96msrc/modulos/noticias/noticias.service.ts[0m:[93m69[0m:[93m31[0m - [91merror[0m[90m TS2345: [0mArgument of type '{ categoria: { categoriaId: number; nombre: string; }; autor: { usuarioId: number; nombre_completo: string; email: string; }; _count: { comentarios: number; }; } & { noticiaId: number; titulo: string; ... 8 more ...; categoriaId: number; }' is not assignable to parameter of type '{ noticia_id: number; }'.
  Property 'noticia_id' is missing in type '{ categoria: { categoriaId: number; nombre: string; }; autor: { usuarioId: number; nombre_completo: string; email: string; }; _count: { comentarios: number; }; } & { noticiaId: number; titulo: string; ... 8 more ...; categoriaId: number; }' but required in type '{ noticia_id: number; }'.

[7m69[0m       this.adjuntarReacciones(noticia, conteos[noticia.noticia_id])
[7m  [0m [91m                              ~~~~~~~[0m

  [96msrc/modulos/noticias/noticias.service.ts[0m:[93m21[0m:[93m42[0m
    [7m21[0m   private adjuntarReacciones<T extends { noticia_id: number }>(
    [7m  [0m [96m                                         ~~~~~~~~~~[0m
    'noticia_id' is declared here.
[96msrc/modulos/noticias/noticias.service.ts[0m:[93m69[0m:[93m56[0m - [91merror[0m[90m TS2551: [0mProperty 'noticia_id' does not exist on type '{ categoria: { categoriaId: number; nombre: string; }; autor: { usuarioId: number; nombre_completo: string; email: string; }; _count: { comentarios: number; }; } & { noticiaId: number; titulo: string; ... 8 more ...; categoriaId: number; }'. Did you mean 'noticiaId'?

[7m69[0m       this.adjuntarReacciones(noticia, conteos[noticia.noticia_id])
[7m  [0m [91m                                                       ~~~~~~~~~~[0m
[96msrc/modulos/noticias/noticias.service.ts[0m:[93m85[0m:[93m38[0m - [91merror[0m[90m TS2345: [0mArgument of type '{ categoria: { categoriaId: number; nombre: string; }; autor: { usuarioId: number; nombre_completo: string; email: string; rol: string; }; comentarios: ({ usuario: { usuarioId: number; nombre_completo: string; }; respuestas: ({ ...; } & { ...; })[]; } & { ...; })[]; } & { ...; }' is not assignable to parameter of type '{ noticia_id: number; }'.
  Property 'noticia_id' is missing in type '{ categoria: { categoriaId: number; nombre: string; }; autor: { usuarioId: number; nombre_completo: string; email: string; rol: string; }; comentarios: ({ usuario: { usuarioId: number; nombre_completo: string; }; respuestas: ({ ...; } & { ...; })[]; } & { ...; })[]; } & { ...; }' but required in type '{ noticia_id: number; }'.

[7m85[0m       return this.adjuntarReacciones(noticia);
[7m  [0m [91m                                     ~~~~~~~[0m

  [96msrc/modulos/noticias/noticias.service.ts[0m:[93m21[0m:[93m42[0m
    [7m21[0m   private adjuntarReacciones<T extends { noticia_id: number }>(
    [7m  [0m [96m                                         ~~~~~~~~~~[0m
    'noticia_id' is declared here.
[96msrc/modulos/noticias/noticias.service.ts[0m:[93m225[0m:[93m64[0m - [91merror[0m[90m TS2345: [0mArgument of type '{ categoria: { categoriaId: number; nombre: string; }; autor: { usuarioId: number; nombre_completo: string; email: string; }; _count: { comentarios: number; }; } & { noticiaId: number; titulo: string; ... 8 more ...; categoriaId: number; }' is not assignable to parameter of type '{ noticia_id: number; }'.
  Property 'noticia_id' is missing in type '{ categoria: { categoriaId: number; nombre: string; }; autor: { usuarioId: number; nombre_completo: string; email: string; }; _count: { comentarios: number; }; } & { noticiaId: number; titulo: string; ... 8 more ...; categoriaId: number; }' but required in type '{ noticia_id: number; }'.

[7m225[0m       return noticias.map((noticia) => this.adjuntarReacciones(noticia));
[7m   [0m [91m                                                               ~~~~~~~[0m

  [96msrc/modulos/noticias/noticias.service.ts[0m:[93m21[0m:[93m42[0m
    [7m21[0m   private adjuntarReacciones<T extends { noticia_id: number }>(
    [7m  [0m [96m                                         ~~~~~~~~~~[0m
    'noticia_id' is declared here.
[96msrc/modulos/noticias/noticias.service.ts[0m:[93m229[0m:[93m47[0m - [91merror[0m[90m TS2551: [0mProperty 'noticia_id' does not exist on type '{ categoria: { categoriaId: number; nombre: string; }; autor: { usuarioId: number; nombre_completo: string; email: string; }; _count: { comentarios: number; }; } & { noticiaId: number; titulo: string; ... 8 more ...; categoriaId: number; }'. Did you mean 'noticiaId'?

[7m229[0m     const noticia_ids = noticias.map((n) => n.noticia_id);
[7m   [0m [91m                                              ~~~~~~~~~~[0m
[96msrc/modulos/noticias/noticias.service.ts[0m:[93m234[0m:[93m31[0m - [91merror[0m[90m TS2345: [0mArgument of type '{ categoria: { categoriaId: number; nombre: string; }; autor: { usuarioId: number; nombre_completo: string; email: string; }; _count: { comentarios: number; }; } & { noticiaId: number; titulo: string; ... 8 more ...; categoriaId: number; }' is not assignable to parameter of type '{ noticia_id: number; }'.
  Property 'noticia_id' is missing in type '{ categoria: { categoriaId: number; nombre: string; }; autor: { usuarioId: number; nombre_completo: string; email: string; }; _count: { comentarios: number; }; } & { noticiaId: number; titulo: string; ... 8 more ...; categoriaId: number; }' but required in type '{ noticia_id: number; }'.

[7m234[0m       this.adjuntarReacciones(noticia, conteos[noticia.noticia_id])
[7m   [0m [91m                              ~~~~~~~[0m

  [96msrc/modulos/noticias/noticias.service.ts[0m:[93m21[0m:[93m42[0m
    [7m21[0m   private adjuntarReacciones<T extends { noticia_id: number }>(
    [7m  [0m [96m                                         ~~~~~~~~~~[0m
    'noticia_id' is declared here.
[96msrc/modulos/noticias/noticias.service.ts[0m:[93m234[0m:[93m56[0m - [91merror[0m[90m TS2551: [0mProperty 'noticia_id' does not exist on type '{ categoria: { categoriaId: number; nombre: string; }; autor: { usuarioId: number; nombre_completo: string; email: string; }; _count: { comentarios: number; }; } & { noticiaId: number; titulo: string; ... 8 more ...; categoriaId: number; }'. Did you mean 'noticiaId'?

[7m234[0m       this.adjuntarReacciones(noticia, conteos[noticia.noticia_id])
[7m   [0m [91m                                                       ~~~~~~~~~~[0m
[96msrc/modulos/noticias/noticias.service.ts[0m:[93m247[0m:[93m64[0m - [91merror[0m[90m TS2345: [0mArgument of type '{ categoria: { categoriaId: number; nombre: string; }; autor: { usuarioId: number; nombre_completo: string; }; } & { noticiaId: number; titulo: string; extracto: string; contenido_noticia: string; ... 6 more ...; categoriaId: number; }' is not assignable to parameter of type '{ noticia_id: number; }'.
  Property 'noticia_id' is missing in type '{ categoria: { categoriaId: number; nombre: string; }; autor: { usuarioId: number; nombre_completo: string; }; } & { noticiaId: number; titulo: string; extracto: string; contenido_noticia: string; ... 6 more ...; categoriaId: number; }' but required in type '{ noticia_id: number; }'.

[7m247[0m       return noticias.map((noticia) => this.adjuntarReacciones(noticia));
[7m   [0m [91m                                                               ~~~~~~~[0m

  [96msrc/modulos/noticias/noticias.service.ts[0m:[93m21[0m:[93m42[0m
    [7m21[0m   private adjuntarReacciones<T extends { noticia_id: number }>(
    [7m  [0m [96m                                         ~~~~~~~~~~[0m
    'noticia_id' is declared here.
[96msrc/modulos/noticias/noticias.service.ts[0m:[93m250[0m:[93m47[0m - [91merror[0m[90m TS2551: [0mProperty 'noticia_id' does not exist on type '{ categoria: { categoriaId: number; nombre: string; }; autor: { usuarioId: number; nombre_completo: string; }; } & { noticiaId: number; titulo: string; extracto: string; contenido_noticia: string; ... 6 more ...; categoriaId: number; }'. Did you mean 'noticiaId'?

[7m250[0m     const noticia_ids = noticias.map((n) => n.noticia_id);
[7m   [0m [91m                                              ~~~~~~~~~~[0m
[96msrc/modulos/noticias/noticias.service.ts[0m:[93m254[0m:[93m31[0m - [91merror[0m[90m TS2345: [0mArgument of type '{ categoria: { categoriaId: number; nombre: string; }; autor: { usuarioId: number; nombre_completo: string; }; } & { noticiaId: number; titulo: string; extracto: string; contenido_noticia: string; ... 6 more ...; categoriaId: number; }' is not assignable to parameter of type '{ noticia_id: number; }'.
  Property 'noticia_id' is missing in type '{ categoria: { categoriaId: number; nombre: string; }; autor: { usuarioId: number; nombre_completo: string; }; } & { noticiaId: number; titulo: string; extracto: string; contenido_noticia: string; ... 6 more ...; categoriaId: number; }' but required in type '{ noticia_id: number; }'.

[7m254[0m       this.adjuntarReacciones(noticia, conteos[noticia.noticia_id])
[7m   [0m [91m                              ~~~~~~~[0m

  [96msrc/modulos/noticias/noticias.service.ts[0m:[93m21[0m:[93m42[0m
    [7m21[0m   private adjuntarReacciones<T extends { noticia_id: number }>(
    [7m  [0m [96m                                         ~~~~~~~~~~[0m
    'noticia_id' is declared here.
[96msrc/modulos/noticias/noticias.service.ts[0m:[93m254[0m:[93m56[0m - [91merror[0m[90m TS2551: [0mProperty 'noticia_id' does not exist on type '{ categoria: { categoriaId: number; nombre: string; }; autor: { usuarioId: number; nombre_completo: string; }; } & { noticiaId: number; titulo: string; extracto: string; contenido_noticia: string; ... 6 more ...; categoriaId: number; }'. Did you mean 'noticiaId'?

[7m254[0m       this.adjuntarReacciones(noticia, conteos[noticia.noticia_id])
[7m   [0m [91m                                                       ~~~~~~~~~~[0m

    at createTSError (D:\aneupi-tv-backend\node_modules\ts-node\src\index.ts:859:12)
    at reportTSError (D:\aneupi-tv-backend\node_modules\ts-node\src\index.ts:863:19)
    at getOutput (D:\aneupi-tv-backend\node_modules\ts-node\src\index.ts:1077:36)
    at Object.compile (D:\aneupi-tv-backend\node_modules\ts-node\src\index.ts:1433:41)
    at Module.m._compile (D:\aneupi-tv-backend\node_modules\ts-node\src\index.ts:1617:30)
    at node:internal/modules/cjs/loader:1895:10
    at Object.require.extensions.<computed> [as .ts] (D:\aneupi-tv-backend\node_modules\ts-node\src\index.ts:1621:12)
    at Module.load (node:internal/modules/cjs/loader:1465:32)
    at Function._load (node:internal/modules/cjs/loader:1282:12)
    at TracingChannel.traceSync (node:diagnostics_channel:322:14)
2025-11-15 21:39:12 error: 	uncaughtException: ⨯ Unable to compile TypeScript:
[96msrc/modulos/noticias/noticias.service.ts[0m:[93m60[0m:[93m64[0m - [91merror[0m[90m TS2345: [0mArgument of type '{ categoria: { categoriaId: number; nombre: string; }; autor: { usuarioId: number; nombre_completo: string; email: string; }; _count: { comentarios: number; }; } & { noticiaId: number; titulo: string; ... 8 more ...; categoriaId: number; }' is not assignable to parameter of type '{ noticia_id: number; }'.
  Property 'noticia_id' is missing in type '{ categoria: { categoriaId: number; nombre: string; }; autor: { usuarioId: number; nombre_completo: string; email: string; }; _count: { comentarios: number; }; } & { noticiaId: number; titulo: string; ... 8 more ...; categoriaId: number; }' but required in type '{ noticia_id: number; }'.

[7m60[0m       return noticias.map((noticia) => this.adjuntarReacciones(noticia));
[7m  [0m [91m                                                               ~~~~~~~[0m

  [96msrc/modulos/noticias/noticias.service.ts[0m:[93m21[0m:[93m42[0m
    [7m21[0m   private adjuntarReacciones<T extends { noticia_id: number }>(
    [7m  [0m [96m                                         ~~~~~~~~~~[0m
    'noticia_id' is declared here.
[96msrc/modulos/noticias/noticias.service.ts[0m:[93m64[0m:[93m47[0m - [91merror[0m[90m TS2551: [0mProperty 'noticia_id' does not exist on type '{ categoria: { categoriaId: number; nombre: string; }; autor: { usuarioId: number; nombre_completo: string; email: string; }; _count: { comentarios: number; }; } & { noticiaId: number; titulo: string; ... 8 more ...; categoriaId: number; }'. Did you mean 'noticiaId'?

[7m64[0m     const noticia_ids = noticias.map((n) => n.noticia_id);
[7m  [0m [91m                                              ~~~~~~~~~~[0m
[96msrc/modulos/noticias/noticias.service.ts[0m:[93m69[0m:[93m31[0m - [91merror[0m[90m TS2345: [0mArgument of type '{ categoria: { categoriaId: number; nombre: string; }; autor: { usuarioId: number; nombre_completo: string; email: string; }; _count: { comentarios: number; }; } & { noticiaId: number; titulo: string; ... 8 more ...; categoriaId: number; }' is not assignable to parameter of type '{ noticia_id: number; }'.
  Property 'noticia_id' is missing in type '{ categoria: { categoriaId: number; nombre: string; }; autor: { usuarioId: number; nombre_completo: string; email: string; }; _count: { comentarios: number; }; } & { noticiaId: number; titulo: string; ... 8 more ...; categoriaId: number; }' but required in type '{ noticia_id: number; }'.

[7m69[0m       this.adjuntarReacciones(noticia, conteos[noticia.noticia_id])
[7m  [0m [91m                              ~~~~~~~[0m

  [96msrc/modulos/noticias/noticias.service.ts[0m:[93m21[0m:[93m42[0m
    [7m21[0m   private adjuntarReacciones<T extends { noticia_id: number }>(
    [7m  [0m [96m                                         ~~~~~~~~~~[0m
    'noticia_id' is declared here.
[96msrc/modulos/noticias/noticias.service.ts[0m:[93m69[0m:[93m56[0m - [91merror[0m[90m TS2551: [0mProperty 'noticia_id' does not exist on type '{ categoria: { categoriaId: number; nombre: string; }; autor: { usuarioId: number; nombre_completo: string; email: string; }; _count: { comentarios: number; }; } & { noticiaId: number; titulo: string; ... 8 more ...; categoriaId: number; }'. Did you mean 'noticiaId'?

[7m69[0m       this.adjuntarReacciones(noticia, conteos[noticia.noticia_id])
[7m  [0m [91m                                                       ~~~~~~~~~~[0m
[96msrc/modulos/noticias/noticias.service.ts[0m:[93m85[0m:[93m38[0m - [91merror[0m[90m TS2345: [0mArgument of type '{ categoria: { categoriaId: number; nombre: string; }; autor: { usuarioId: number; nombre_completo: string; email: string; rol: string; }; comentarios: ({ usuario: { usuarioId: number; nombre_completo: string; }; respuestas: ({ ...; } & { ...; })[]; } & { ...; })[]; } & { ...; }' is not assignable to parameter of type '{ noticia_id: number; }'.
  Property 'noticia_id' is missing in type '{ categoria: { categoriaId: number; nombre: string; }; autor: { usuarioId: number; nombre_completo: string; email: string; rol: string; }; comentarios: ({ usuario: { usuarioId: number; nombre_completo: string; }; respuestas: ({ ...; } & { ...; })[]; } & { ...; })[]; } & { ...; }' but required in type '{ noticia_id: number; }'.

[7m85[0m       return this.adjuntarReacciones(noticia);
[7m  [0m [91m                                     ~~~~~~~[0m

  [96msrc/modulos/noticias/noticias.service.ts[0m:[93m21[0m:[93m42[0m
    [7m21[0m   private adjuntarReacciones<T extends { noticia_id: number }>(
    [7m  [0m [96m                                         ~~~~~~~~~~[0m
    'noticia_id' is declared here.
[96msrc/modulos/noticias/noticias.service.ts[0m:[93m225[0m:[93m64[0m - [91merror[0m[90m TS2345: [0mArgument of type '{ categoria: { categoriaId: number; nombre: string; }; autor: { usuarioId: number; nombre_completo: string; email: string; }; _count: { comentarios: number; }; } & { noticiaId: number; titulo: string; ... 8 more ...; categoriaId: number; }' is not assignable to parameter of type '{ noticia_id: number; }'.
  Property 'noticia_id' is missing in type '{ categoria: { categoriaId: number; nombre: string; }; autor: { usuarioId: number; nombre_completo: string; email: string; }; _count: { comentarios: number; }; } & { noticiaId: number; titulo: string; ... 8 more ...; categoriaId: number; }' but required in type '{ noticia_id: number; }'.

[7m225[0m       return noticias.map((noticia) => this.adjuntarReacciones(noticia));
[7m   [0m [91m                                                               ~~~~~~~[0m

  [96msrc/modulos/noticias/noticias.service.ts[0m:[93m21[0m:[93m42[0m
    [7m21[0m   private adjuntarReacciones<T extends { noticia_id: number }>(
    [7m  [0m [96m                                         ~~~~~~~~~~[0m
    'noticia_id' is declared here.
[96msrc/modulos/noticias/noticias.service.ts[0m:[93m229[0m:[93m47[0m - [91merror[0m[90m TS2551: [0mProperty 'noticia_id' does not exist on type '{ categoria: { categoriaId: number; nombre: string; }; autor: { usuarioId: number; nombre_completo: string; email: string; }; _count: { comentarios: number; }; } & { noticiaId: number; titulo: string; ... 8 more ...; categoriaId: number; }'. Did you mean 'noticiaId'?

[7m229[0m     const noticia_ids = noticias.map((n) => n.noticia_id);
[7m   [0m [91m                                              ~~~~~~~~~~[0m
[96msrc/modulos/noticias/noticias.service.ts[0m:[93m234[0m:[93m31[0m - [91merror[0m[90m TS2345: [0mArgument of type '{ categoria: { categoriaId: number; nombre: string; }; autor: { usuarioId: number; nombre_completo: string; email: string; }; _count: { comentarios: number; }; } & { noticiaId: number; titulo: string; ... 8 more ...; categoriaId: number; }' is not assignable to parameter of type '{ noticia_id: number; }'.
  Property 'noticia_id' is missing in type '{ categoria: { categoriaId: number; nombre: string; }; autor: { usuarioId: number; nombre_completo: string; email: string; }; _count: { comentarios: number; }; } & { noticiaId: number; titulo: string; ... 8 more ...; categoriaId: number; }' but required in type '{ noticia_id: number; }'.

[7m234[0m       this.adjuntarReacciones(noticia, conteos[noticia.noticia_id])
[7m   [0m [91m                              ~~~~~~~[0m

  [96msrc/modulos/noticias/noticias.service.ts[0m:[93m21[0m:[93m42[0m
    [7m21[0m   private adjuntarReacciones<T extends { noticia_id: number }>(
    [7m  [0m [96m                                         ~~~~~~~~~~[0m
    'noticia_id' is declared here.
[96msrc/modulos/noticias/noticias.service.ts[0m:[93m234[0m:[93m56[0m - [91merror[0m[90m TS2551: [0mProperty 'noticia_id' does not exist on type '{ categoria: { categoriaId: number; nombre: string; }; autor: { usuarioId: number; nombre_completo: string; email: string; }; _count: { comentarios: number; }; } & { noticiaId: number; titulo: string; ... 8 more ...; categoriaId: number; }'. Did you mean 'noticiaId'?

[7m234[0m       this.adjuntarReacciones(noticia, conteos[noticia.noticia_id])
[7m   [0m [91m                                                       ~~~~~~~~~~[0m
[96msrc/modulos/noticias/noticias.service.ts[0m:[93m247[0m:[93m64[0m - [91merror[0m[90m TS2345: [0mArgument of type '{ categoria: { categoriaId: number; nombre: string; }; autor: { usuarioId: number; nombre_completo: string; }; } & { noticiaId: number; titulo: string; extracto: string; contenido_noticia: string; ... 6 more ...; categoriaId: number; }' is not assignable to parameter of type '{ noticia_id: number; }'.
  Property 'noticia_id' is missing in type '{ categoria: { categoriaId: number; nombre: string; }; autor: { usuarioId: number; nombre_completo: string; }; } & { noticiaId: number; titulo: string; extracto: string; contenido_noticia: string; ... 6 more ...; categoriaId: number; }' but required in type '{ noticia_id: number; }'.

[7m247[0m       return noticias.map((noticia) => this.adjuntarReacciones(noticia));
[7m   [0m [91m                                                               ~~~~~~~[0m

  [96msrc/modulos/noticias/noticias.service.ts[0m:[93m21[0m:[93m42[0m
    [7m21[0m   private adjuntarReacciones<T extends { noticia_id: number }>(
    [7m  [0m [96m                                         ~~~~~~~~~~[0m
    'noticia_id' is declared here.
[96msrc/modulos/noticias/noticias.service.ts[0m:[93m250[0m:[93m47[0m - [91merror[0m[90m TS2551: [0mProperty 'noticia_id' does not exist on type '{ categoria: { categoriaId: number; nombre: string; }; autor: { usuarioId: number; nombre_completo: string; }; } & { noticiaId: number; titulo: string; extracto: string; contenido_noticia: string; ... 6 more ...; categoriaId: number; }'. Did you mean 'noticiaId'?

[7m250[0m     const noticia_ids = noticias.map((n) => n.noticia_id);
[7m   [0m [91m                                              ~~~~~~~~~~[0m
[96msrc/modulos/noticias/noticias.service.ts[0m:[93m254[0m:[93m31[0m - [91merror[0m[90m TS2345: [0mArgument of type '{ categoria: { categoriaId: number; nombre: string; }; autor: { usuarioId: number; nombre_completo: string; }; } & { noticiaId: number; titulo: string; extracto: string; contenido_noticia: string; ... 6 more ...; categoriaId: number; }' is not assignable to parameter of type '{ noticia_id: number; }'.
  Property 'noticia_id' is missing in type '{ categoria: { categoriaId: number; nombre: string; }; autor: { usuarioId: number; nombre_completo: string; }; } & { noticiaId: number; titulo: string; extracto: string; contenido_noticia: string; ... 6 more ...; categoriaId: number; }' but required in type '{ noticia_id: number; }'.

[7m254[0m       this.adjuntarReacciones(noticia, conteos[noticia.noticia_id])
[7m   [0m [91m                              ~~~~~~~[0m

  [96msrc/modulos/noticias/noticias.service.ts[0m:[93m21[0m:[93m42[0m
    [7m21[0m   private adjuntarReacciones<T extends { noticia_id: number }>(
    [7m  [0m [96m                                         ~~~~~~~~~~[0m
    'noticia_id' is declared here.
[96msrc/modulos/noticias/noticias.service.ts[0m:[93m254[0m:[93m56[0m - [91merror[0m[90m TS2551: [0mProperty 'noticia_id' does not exist on type '{ categoria: { categoriaId: number; nombre: string; }; autor: { usuarioId: number; nombre_completo: string; }; } & { noticiaId: number; titulo: string; extracto: string; contenido_noticia: string; ... 6 more ...; categoriaId: number; }'. Did you mean 'noticiaId'?

[7m254[0m       this.adjuntarReacciones(noticia, conteos[noticia.noticia_id])
[7m   [0m [91m                                                       ~~~~~~~~~~[0m

TSError: ⨯ Unable to compile TypeScript:
[96msrc/modulos/noticias/noticias.service.ts[0m:[93m60[0m:[93m64[0m - [91merror[0m[90m TS2345: [0mArgument of type '{ categoria: { categoriaId: number; nombre: string; }; autor: { usuarioId: number; nombre_completo: string; email: string; }; _count: { comentarios: number; }; } & { noticiaId: number; titulo: string; ... 8 more ...; categoriaId: number; }' is not assignable to parameter of type '{ noticia_id: number; }'.
  Property 'noticia_id' is missing in type '{ categoria: { categoriaId: number; nombre: string; }; autor: { usuarioId: number; nombre_completo: string; email: string; }; _count: { comentarios: number; }; } & { noticiaId: number; titulo: string; ... 8 more ...; categoriaId: number; }' but required in type '{ noticia_id: number; }'.

[7m60[0m       return noticias.map((noticia) => this.adjuntarReacciones(noticia));
[7m  [0m [91m                                                               ~~~~~~~[0m

  [96msrc/modulos/noticias/noticias.service.ts[0m:[93m21[0m:[93m42[0m
    [7m21[0m   private adjuntarReacciones<T extends { noticia_id: number }>(
    [7m  [0m [96m                                         ~~~~~~~~~~[0m
    'noticia_id' is declared here.
[96msrc/modulos/noticias/noticias.service.ts[0m:[93m64[0m:[93m47[0m - [91merror[0m[90m TS2551: [0mProperty 'noticia_id' does not exist on type '{ categoria: { categoriaId: number; nombre: string; }; autor: { usuarioId: number; nombre_completo: string; email: string; }; _count: { comentarios: number; }; } & { noticiaId: number; titulo: string; ... 8 more ...; categoriaId: number; }'. Did you mean 'noticiaId'?

[7m64[0m     const noticia_ids = noticias.map((n) => n.noticia_id);
[7m  [0m [91m                                              ~~~~~~~~~~[0m
[96msrc/modulos/noticias/noticias.service.ts[0m:[93m69[0m:[93m31[0m - [91merror[0m[90m TS2345: [0mArgument of type '{ categoria: { categoriaId: number; nombre: string; }; autor: { usuarioId: number; nombre_completo: string; email: string; }; _count: { comentarios: number; }; } & { noticiaId: number; titulo: string; ... 8 more ...; categoriaId: number; }' is not assignable to parameter of type '{ noticia_id: number; }'.
  Property 'noticia_id' is missing in type '{ categoria: { categoriaId: number; nombre: string; }; autor: { usuarioId: number; nombre_completo: string; email: string; }; _count: { comentarios: number; }; } & { noticiaId: number; titulo: string; ... 8 more ...; categoriaId: number; }' but required in type '{ noticia_id: number; }'.

[7m69[0m       this.adjuntarReacciones(noticia, conteos[noticia.noticia_id])
[7m  [0m [91m                              ~~~~~~~[0m

  [96msrc/modulos/noticias/noticias.service.ts[0m:[93m21[0m:[93m42[0m
    [7m21[0m   private adjuntarReacciones<T extends { noticia_id: number }>(
    [7m  [0m [96m                                         ~~~~~~~~~~[0m
    'noticia_id' is declared here.
[96msrc/modulos/noticias/noticias.service.ts[0m:[93m69[0m:[93m56[0m - [91merror[0m[90m TS2551: [0mProperty 'noticia_id' does not exist on type '{ categoria: { categoriaId: number; nombre: string; }; autor: { usuarioId: number; nombre_completo: string; email: string; }; _count: { comentarios: number; }; } & { noticiaId: number; titulo: string; ... 8 more ...; categoriaId: number; }'. Did you mean 'noticiaId'?

[7m69[0m       this.adjuntarReacciones(noticia, conteos[noticia.noticia_id])
[7m  [0m [91m                                                       ~~~~~~~~~~[0m
[96msrc/modulos/noticias/noticias.service.ts[0m:[93m85[0m:[93m38[0m - [91merror[0m[90m TS2345: [0mArgument of type '{ categoria: { categoriaId: number; nombre: string; }; autor: { usuarioId: number; nombre_completo: string; email: string; rol: string; }; comentarios: ({ usuario: { usuarioId: number; nombre_completo: string; }; respuestas: ({ ...; } & { ...; })[]; } & { ...; })[]; } & { ...; }' is not assignable to parameter of type '{ noticia_id: number; }'.
  Property 'noticia_id' is missing in type '{ categoria: { categoriaId: number; nombre: string; }; autor: { usuarioId: number; nombre_completo: string; email: string; rol: string; }; comentarios: ({ usuario: { usuarioId: number; nombre_completo: string; }; respuestas: ({ ...; } & { ...; })[]; } & { ...; })[]; } & { ...; }' but required in type '{ noticia_id: number; }'.

[7m85[0m       return this.adjuntarReacciones(noticia);
[7m  [0m [91m                                     ~~~~~~~[0m

  [96msrc/modulos/noticias/noticias.service.ts[0m:[93m21[0m:[93m42[0m
    [7m21[0m   private adjuntarReacciones<T extends { noticia_id: number }>(
    [7m  [0m [96m                                         ~~~~~~~~~~[0m
    'noticia_id' is declared here.
[96msrc/modulos/noticias/noticias.service.ts[0m:[93m225[0m:[93m64[0m - [91merror[0m[90m TS2345: [0mArgument of type '{ categoria: { categoriaId: number; nombre: string; }; autor: { usuarioId: number; nombre_completo: string; email: string; }; _count: { comentarios: number; }; } & { noticiaId: number; titulo: string; ... 8 more ...; categoriaId: number; }' is not assignable to parameter of type '{ noticia_id: number; }'.
  Property 'noticia_id' is missing in type '{ categoria: { categoriaId: number; nombre: string; }; autor: { usuarioId: number; nombre_completo: string; email: string; }; _count: { comentarios: number; }; } & { noticiaId: number; titulo: string; ... 8 more ...; categoriaId: number; }' but required in type '{ noticia_id: number; }'.

[7m225[0m       return noticias.map((noticia) => this.adjuntarReacciones(noticia));
[7m   [0m [91m                                                               ~~~~~~~[0m

  [96msrc/modulos/noticias/noticias.service.ts[0m:[93m21[0m:[93m42[0m
    [7m21[0m   private adjuntarReacciones<T extends { noticia_id: number }>(
    [7m  [0m [96m                                         ~~~~~~~~~~[0m
    'noticia_id' is declared here.
[96msrc/modulos/noticias/noticias.service.ts[0m:[93m229[0m:[93m47[0m - [91merror[0m[90m TS2551: [0mProperty 'noticia_id' does not exist on type '{ categoria: { categoriaId: number; nombre: string; }; autor: { usuarioId: number; nombre_completo: string; email: string; }; _count: { comentarios: number; }; } & { noticiaId: number; titulo: string; ... 8 more ...; categoriaId: number; }'. Did you mean 'noticiaId'?

[7m229[0m     const noticia_ids = noticias.map((n) => n.noticia_id);
[7m   [0m [91m                                              ~~~~~~~~~~[0m
[96msrc/modulos/noticias/noticias.service.ts[0m:[93m234[0m:[93m31[0m - [91merror[0m[90m TS2345: [0mArgument of type '{ categoria: { categoriaId: number; nombre: string; }; autor: { usuarioId: number; nombre_completo: string; email: string; }; _count: { comentarios: number; }; } & { noticiaId: number; titulo: string; ... 8 more ...; categoriaId: number; }' is not assignable to parameter of type '{ noticia_id: number; }'.
  Property 'noticia_id' is missing in type '{ categoria: { categoriaId: number; nombre: string; }; autor: { usuarioId: number; nombre_completo: string; email: string; }; _count: { comentarios: number; }; } & { noticiaId: number; titulo: string; ... 8 more ...; categoriaId: number; }' but required in type '{ noticia_id: number; }'.

[7m234[0m       this.adjuntarReacciones(noticia, conteos[noticia.noticia_id])
[7m   [0m [91m                              ~~~~~~~[0m

  [96msrc/modulos/noticias/noticias.service.ts[0m:[93m21[0m:[93m42[0m
    [7m21[0m   private adjuntarReacciones<T extends { noticia_id: number }>(
    [7m  [0m [96m                                         ~~~~~~~~~~[0m
    'noticia_id' is declared here.
[96msrc/modulos/noticias/noticias.service.ts[0m:[93m234[0m:[93m56[0m - [91merror[0m[90m TS2551: [0mProperty 'noticia_id' does not exist on type '{ categoria: { categoriaId: number; nombre: string; }; autor: { usuarioId: number; nombre_completo: string; email: string; }; _count: { comentarios: number; }; } & { noticiaId: number; titulo: string; ... 8 more ...; categoriaId: number; }'. Did you mean 'noticiaId'?

[7m234[0m       this.adjuntarReacciones(noticia, conteos[noticia.noticia_id])
[7m   [0m [91m                                                       ~~~~~~~~~~[0m
[96msrc/modulos/noticias/noticias.service.ts[0m:[93m247[0m:[93m64[0m - [91merror[0m[90m TS2345: [0mArgument of type '{ categoria: { categoriaId: number; nombre: string; }; autor: { usuarioId: number; nombre_completo: string; }; } & { noticiaId: number; titulo: string; extracto: string; contenido_noticia: string; ... 6 more ...; categoriaId: number; }' is not assignable to parameter of type '{ noticia_id: number; }'.
  Property 'noticia_id' is missing in type '{ categoria: { categoriaId: number; nombre: string; }; autor: { usuarioId: number; nombre_completo: string; }; } & { noticiaId: number; titulo: string; extracto: string; contenido_noticia: string; ... 6 more ...; categoriaId: number; }' but required in type '{ noticia_id: number; }'.

[7m247[0m       return noticias.map((noticia) => this.adjuntarReacciones(noticia));
[7m   [0m [91m                                                               ~~~~~~~[0m

  [96msrc/modulos/noticias/noticias.service.ts[0m:[93m21[0m:[93m42[0m
    [7m21[0m   private adjuntarReacciones<T extends { noticia_id: number }>(
    [7m  [0m [96m                                         ~~~~~~~~~~[0m
    'noticia_id' is declared here.
[96msrc/modulos/noticias/noticias.service.ts[0m:[93m250[0m:[93m47[0m - [91merror[0m[90m TS2551: [0mProperty 'noticia_id' does not exist on type '{ categoria: { categoriaId: number; nombre: string; }; autor: { usuarioId: number; nombre_completo: string; }; } & { noticiaId: number; titulo: string; extracto: string; contenido_noticia: string; ... 6 more ...; categoriaId: number; }'. Did you mean 'noticiaId'?

[7m250[0m     const noticia_ids = noticias.map((n) => n.noticia_id);
[7m   [0m [91m                                              ~~~~~~~~~~[0m
[96msrc/modulos/noticias/noticias.service.ts[0m:[93m254[0m:[93m31[0m - [91merror[0m[90m TS2345: [0mArgument of type '{ categoria: { categoriaId: number; nombre: string; }; autor: { usuarioId: number; nombre_completo: string; }; } & { noticiaId: number; titulo: string; extracto: string; contenido_noticia: string; ... 6 more ...; categoriaId: number; }' is not assignable to parameter of type '{ noticia_id: number; }'.
  Property 'noticia_id' is missing in type '{ categoria: { categoriaId: number; nombre: string; }; autor: { usuarioId: number; nombre_completo: string; }; } & { noticiaId: number; titulo: string; extracto: string; contenido_noticia: string; ... 6 more ...; categoriaId: number; }' but required in type '{ noticia_id: number; }'.

[7m254[0m       this.adjuntarReacciones(noticia, conteos[noticia.noticia_id])
[7m   [0m [91m                              ~~~~~~~[0m

  [96msrc/modulos/noticias/noticias.service.ts[0m:[93m21[0m:[93m42[0m
    [7m21[0m   private adjuntarReacciones<T extends { noticia_id: number }>(
    [7m  [0m [96m                                         ~~~~~~~~~~[0m
    'noticia_id' is declared here.
[96msrc/modulos/noticias/noticias.service.ts[0m:[93m254[0m:[93m56[0m - [91merror[0m[90m TS2551: [0mProperty 'noticia_id' does not exist on type '{ categoria: { categoriaId: number; nombre: string; }; autor: { usuarioId: number; nombre_completo: string; }; } & { noticiaId: number; titulo: string; extracto: string; contenido_noticia: string; ... 6 more ...; categoriaId: number; }'. Did you mean 'noticiaId'?

[7m254[0m       this.adjuntarReacciones(noticia, conteos[noticia.noticia_id])
[7m   [0m [91m                                                       ~~~~~~~~~~[0m

    at createTSError (D:\aneupi-tv-backend\node_modules\ts-node\src\index.ts:859:12)
    at reportTSError (D:\aneupi-tv-backend\node_modules\ts-node\src\index.ts:863:19)
    at getOutput (D:\aneupi-tv-backend\node_modules\ts-node\src\index.ts:1077:36)
    at Object.compile (D:\aneupi-tv-backend\node_modules\ts-node\src\index.ts:1433:41)
    at Module.m._compile (D:\aneupi-tv-backend\node_modules\ts-node\src\index.ts:1617:30)
    at node:internal/modules/cjs/loader:1895:10
    at Object.require.extensions.<computed> [as .ts] (D:\aneupi-tv-backend\node_modules\ts-node\src\index.ts:1621:12)
    at Module.load (node:internal/modules/cjs/loader:1465:32)
    at Function._load (node:internal/modules/cjs/loader:1282:12)
    at TracingChannel.traceSync (node:diagnostics_channel:322:14)
2025-11-15 21:39:40 error: 	uncaughtException: ⨯ Unable to compile TypeScript:
[96msrc/modulos/noticias/noticias.service.ts[0m:[93m60[0m:[93m64[0m - [91merror[0m[90m TS2345: [0mArgument of type '{ categoria: { categoriaId: number; nombre: string; }; autor: { usuarioId: number; nombre_completo: string; email: string; }; _count: { comentarios: number; }; } & { noticiaId: number; titulo: string; ... 8 more ...; categoriaId: number; }' is not assignable to parameter of type '{ noticia_id: number; }'.
  Property 'noticia_id' is missing in type '{ categoria: { categoriaId: number; nombre: string; }; autor: { usuarioId: number; nombre_completo: string; email: string; }; _count: { comentarios: number; }; } & { noticiaId: number; titulo: string; ... 8 more ...; categoriaId: number; }' but required in type '{ noticia_id: number; }'.

[7m60[0m       return noticias.map((noticia) => this.adjuntarReacciones(noticia));
[7m  [0m [91m                                                               ~~~~~~~[0m

  [96msrc/modulos/noticias/noticias.service.ts[0m:[93m21[0m:[93m42[0m
    [7m21[0m   private adjuntarReacciones<T extends { noticia_id: number }>(
    [7m  [0m [96m                                         ~~~~~~~~~~[0m
    'noticia_id' is declared here.
[96msrc/modulos/noticias/noticias.service.ts[0m:[93m64[0m:[93m47[0m - [91merror[0m[90m TS2551: [0mProperty 'noticia_id' does not exist on type '{ categoria: { categoriaId: number; nombre: string; }; autor: { usuarioId: number; nombre_completo: string; email: string; }; _count: { comentarios: number; }; } & { noticiaId: number; titulo: string; ... 8 more ...; categoriaId: number; }'. Did you mean 'noticiaId'?

[7m64[0m     const noticia_ids = noticias.map((n) => n.noticia_id);
[7m  [0m [91m                                              ~~~~~~~~~~[0m
[96msrc/modulos/noticias/noticias.service.ts[0m:[93m69[0m:[93m31[0m - [91merror[0m[90m TS2345: [0mArgument of type '{ categoria: { categoriaId: number; nombre: string; }; autor: { usuarioId: number; nombre_completo: string; email: string; }; _count: { comentarios: number; }; } & { noticiaId: number; titulo: string; ... 8 more ...; categoriaId: number; }' is not assignable to parameter of type '{ noticia_id: number; }'.
  Property 'noticia_id' is missing in type '{ categoria: { categoriaId: number; nombre: string; }; autor: { usuarioId: number; nombre_completo: string; email: string; }; _count: { comentarios: number; }; } & { noticiaId: number; titulo: string; ... 8 more ...; categoriaId: number; }' but required in type '{ noticia_id: number; }'.

[7m69[0m       this.adjuntarReacciones(noticia, conteos[noticia.noticia_id])
[7m  [0m [91m                              ~~~~~~~[0m

  [96msrc/modulos/noticias/noticias.service.ts[0m:[93m21[0m:[93m42[0m
    [7m21[0m   private adjuntarReacciones<T extends { noticia_id: number }>(
    [7m  [0m [96m                                         ~~~~~~~~~~[0m
    'noticia_id' is declared here.
[96msrc/modulos/noticias/noticias.service.ts[0m:[93m69[0m:[93m56[0m - [91merror[0m[90m TS2551: [0mProperty 'noticia_id' does not exist on type '{ categoria: { categoriaId: number; nombre: string; }; autor: { usuarioId: number; nombre_completo: string; email: string; }; _count: { comentarios: number; }; } & { noticiaId: number; titulo: string; ... 8 more ...; categoriaId: number; }'. Did you mean 'noticiaId'?

[7m69[0m       this.adjuntarReacciones(noticia, conteos[noticia.noticia_id])
[7m  [0m [91m                                                       ~~~~~~~~~~[0m
[96msrc/modulos/noticias/noticias.service.ts[0m:[93m85[0m:[93m38[0m - [91merror[0m[90m TS2345: [0mArgument of type '{ categoria: { categoriaId: number; nombre: string; }; autor: { usuarioId: number; nombre_completo: string; email: string; rol: string; }; comentarios: ({ usuario: { usuarioId: number; nombre_completo: string; }; respuestas: ({ ...; } & { ...; })[]; } & { ...; })[]; } & { ...; }' is not assignable to parameter of type '{ noticia_id: number; }'.
  Property 'noticia_id' is missing in type '{ categoria: { categoriaId: number; nombre: string; }; autor: { usuarioId: number; nombre_completo: string; email: string; rol: string; }; comentarios: ({ usuario: { usuarioId: number; nombre_completo: string; }; respuestas: ({ ...; } & { ...; })[]; } & { ...; })[]; } & { ...; }' but required in type '{ noticia_id: number; }'.

[7m85[0m       return this.adjuntarReacciones(noticia);
[7m  [0m [91m                                     ~~~~~~~[0m

  [96msrc/modulos/noticias/noticias.service.ts[0m:[93m21[0m:[93m42[0m
    [7m21[0m   private adjuntarReacciones<T extends { noticia_id: number }>(
    [7m  [0m [96m                                         ~~~~~~~~~~[0m
    'noticia_id' is declared here.
[96msrc/modulos/noticias/noticias.service.ts[0m:[93m225[0m:[93m64[0m - [91merror[0m[90m TS2345: [0mArgument of type '{ categoria: { categoriaId: number; nombre: string; }; autor: { usuarioId: number; nombre_completo: string; email: string; }; _count: { comentarios: number; }; } & { noticiaId: number; titulo: string; ... 8 more ...; categoriaId: number; }' is not assignable to parameter of type '{ noticia_id: number; }'.
  Property 'noticia_id' is missing in type '{ categoria: { categoriaId: number; nombre: string; }; autor: { usuarioId: number; nombre_completo: string; email: string; }; _count: { comentarios: number; }; } & { noticiaId: number; titulo: string; ... 8 more ...; categoriaId: number; }' but required in type '{ noticia_id: number; }'.

[7m225[0m       return noticias.map((noticia) => this.adjuntarReacciones(noticia));
[7m   [0m [91m                                                               ~~~~~~~[0m

  [96msrc/modulos/noticias/noticias.service.ts[0m:[93m21[0m:[93m42[0m
    [7m21[0m   private adjuntarReacciones<T extends { noticia_id: number }>(
    [7m  [0m [96m                                         ~~~~~~~~~~[0m
    'noticia_id' is declared here.
[96msrc/modulos/noticias/noticias.service.ts[0m:[93m229[0m:[93m47[0m - [91merror[0m[90m TS2551: [0mProperty 'noticia_id' does not exist on type '{ categoria: { categoriaId: number; nombre: string; }; autor: { usuarioId: number; nombre_completo: string; email: string; }; _count: { comentarios: number; }; } & { noticiaId: number; titulo: string; ... 8 more ...; categoriaId: number; }'. Did you mean 'noticiaId'?

[7m229[0m     const noticia_ids = noticias.map((n) => n.noticia_id);
[7m   [0m [91m                                              ~~~~~~~~~~[0m
[96msrc/modulos/noticias/noticias.service.ts[0m:[93m234[0m:[93m31[0m - [91merror[0m[90m TS2345: [0mArgument of type '{ categoria: { categoriaId: number; nombre: string; }; autor: { usuarioId: number; nombre_completo: string; email: string; }; _count: { comentarios: number; }; } & { noticiaId: number; titulo: string; ... 8 more ...; categoriaId: number; }' is not assignable to parameter of type '{ noticia_id: number; }'.
  Property 'noticia_id' is missing in type '{ categoria: { categoriaId: number; nombre: string; }; autor: { usuarioId: number; nombre_completo: string; email: string; }; _count: { comentarios: number; }; } & { noticiaId: number; titulo: string; ... 8 more ...; categoriaId: number; }' but required in type '{ noticia_id: number; }'.

[7m234[0m       this.adjuntarReacciones(noticia, conteos[noticia.noticia_id])
[7m   [0m [91m                              ~~~~~~~[0m

  [96msrc/modulos/noticias/noticias.service.ts[0m:[93m21[0m:[93m42[0m
    [7m21[0m   private adjuntarReacciones<T extends { noticia_id: number }>(
    [7m  [0m [96m                                         ~~~~~~~~~~[0m
    'noticia_id' is declared here.
[96msrc/modulos/noticias/noticias.service.ts[0m:[93m234[0m:[93m56[0m - [91merror[0m[90m TS2551: [0mProperty 'noticia_id' does not exist on type '{ categoria: { categoriaId: number; nombre: string; }; autor: { usuarioId: number; nombre_completo: string; email: string; }; _count: { comentarios: number; }; } & { noticiaId: number; titulo: string; ... 8 more ...; categoriaId: number; }'. Did you mean 'noticiaId'?

[7m234[0m       this.adjuntarReacciones(noticia, conteos[noticia.noticia_id])
[7m   [0m [91m                                                       ~~~~~~~~~~[0m
[96msrc/modulos/noticias/noticias.service.ts[0m:[93m247[0m:[93m64[0m - [91merror[0m[90m TS2345: [0mArgument of type '{ categoria: { categoriaId: number; nombre: string; }; autor: { usuarioId: number; nombre_completo: string; }; } & { noticiaId: number; titulo: string; extracto: string; contenido_noticia: string; ... 6 more ...; categoriaId: number; }' is not assignable to parameter of type '{ noticia_id: number; }'.
  Property 'noticia_id' is missing in type '{ categoria: { categoriaId: number; nombre: string; }; autor: { usuarioId: number; nombre_completo: string; }; } & { noticiaId: number; titulo: string; extracto: string; contenido_noticia: string; ... 6 more ...; categoriaId: number; }' but required in type '{ noticia_id: number; }'.

[7m247[0m       return noticias.map((noticia) => this.adjuntarReacciones(noticia));
[7m   [0m [91m                                                               ~~~~~~~[0m

  [96msrc/modulos/noticias/noticias.service.ts[0m:[93m21[0m:[93m42[0m
    [7m21[0m   private adjuntarReacciones<T extends { noticia_id: number }>(
    [7m  [0m [96m                                         ~~~~~~~~~~[0m
    'noticia_id' is declared here.
[96msrc/modulos/noticias/noticias.service.ts[0m:[93m250[0m:[93m47[0m - [91merror[0m[90m TS2551: [0mProperty 'noticia_id' does not exist on type '{ categoria: { categoriaId: number; nombre: string; }; autor: { usuarioId: number; nombre_completo: string; }; } & { noticiaId: number; titulo: string; extracto: string; contenido_noticia: string; ... 6 more ...; categoriaId: number; }'. Did you mean 'noticiaId'?

[7m250[0m     const noticia_ids = noticias.map((n) => n.noticia_id);
[7m   [0m [91m                                              ~~~~~~~~~~[0m
[96msrc/modulos/noticias/noticias.service.ts[0m:[93m254[0m:[93m31[0m - [91merror[0m[90m TS2345: [0mArgument of type '{ categoria: { categoriaId: number; nombre: string; }; autor: { usuarioId: number; nombre_completo: string; }; } & { noticiaId: number; titulo: string; extracto: string; contenido_noticia: string; ... 6 more ...; categoriaId: number; }' is not assignable to parameter of type '{ noticia_id: number; }'.
  Property 'noticia_id' is missing in type '{ categoria: { categoriaId: number; nombre: string; }; autor: { usuarioId: number; nombre_completo: string; }; } & { noticiaId: number; titulo: string; extracto: string; contenido_noticia: string; ... 6 more ...; categoriaId: number; }' but required in type '{ noticia_id: number; }'.

[7m254[0m       this.adjuntarReacciones(noticia, conteos[noticia.noticia_id])
[7m   [0m [91m                              ~~~~~~~[0m

  [96msrc/modulos/noticias/noticias.service.ts[0m:[93m21[0m:[93m42[0m
    [7m21[0m   private adjuntarReacciones<T extends { noticia_id: number }>(
    [7m  [0m [96m                                         ~~~~~~~~~~[0m
    'noticia_id' is declared here.
[96msrc/modulos/noticias/noticias.service.ts[0m:[93m254[0m:[93m56[0m - [91merror[0m[90m TS2551: [0mProperty 'noticia_id' does not exist on type '{ categoria: { categoriaId: number; nombre: string; }; autor: { usuarioId: number; nombre_completo: string; }; } & { noticiaId: number; titulo: string; extracto: string; contenido_noticia: string; ... 6 more ...; categoriaId: number; }'. Did you mean 'noticiaId'?

[7m254[0m       this.adjuntarReacciones(noticia, conteos[noticia.noticia_id])
[7m   [0m [91m                                                       ~~~~~~~~~~[0m

TSError: ⨯ Unable to compile TypeScript:
[96msrc/modulos/noticias/noticias.service.ts[0m:[93m60[0m:[93m64[0m - [91merror[0m[90m TS2345: [0mArgument of type '{ categoria: { categoriaId: number; nombre: string; }; autor: { usuarioId: number; nombre_completo: string; email: string; }; _count: { comentarios: number; }; } & { noticiaId: number; titulo: string; ... 8 more ...; categoriaId: number; }' is not assignable to parameter of type '{ noticia_id: number; }'.
  Property 'noticia_id' is missing in type '{ categoria: { categoriaId: number; nombre: string; }; autor: { usuarioId: number; nombre_completo: string; email: string; }; _count: { comentarios: number; }; } & { noticiaId: number; titulo: string; ... 8 more ...; categoriaId: number; }' but required in type '{ noticia_id: number; }'.

[7m60[0m       return noticias.map((noticia) => this.adjuntarReacciones(noticia));
[7m  [0m [91m                                                               ~~~~~~~[0m

  [96msrc/modulos/noticias/noticias.service.ts[0m:[93m21[0m:[93m42[0m
    [7m21[0m   private adjuntarReacciones<T extends { noticia_id: number }>(
    [7m  [0m [96m                                         ~~~~~~~~~~[0m
    'noticia_id' is declared here.
[96msrc/modulos/noticias/noticias.service.ts[0m:[93m64[0m:[93m47[0m - [91merror[0m[90m TS2551: [0mProperty 'noticia_id' does not exist on type '{ categoria: { categoriaId: number; nombre: string; }; autor: { usuarioId: number; nombre_completo: string; email: string; }; _count: { comentarios: number; }; } & { noticiaId: number; titulo: string; ... 8 more ...; categoriaId: number; }'. Did you mean 'noticiaId'?

[7m64[0m     const noticia_ids = noticias.map((n) => n.noticia_id);
[7m  [0m [91m                                              ~~~~~~~~~~[0m
[96msrc/modulos/noticias/noticias.service.ts[0m:[93m69[0m:[93m31[0m - [91merror[0m[90m TS2345: [0mArgument of type '{ categoria: { categoriaId: number; nombre: string; }; autor: { usuarioId: number; nombre_completo: string; email: string; }; _count: { comentarios: number; }; } & { noticiaId: number; titulo: string; ... 8 more ...; categoriaId: number; }' is not assignable to parameter of type '{ noticia_id: number; }'.
  Property 'noticia_id' is missing in type '{ categoria: { categoriaId: number; nombre: string; }; autor: { usuarioId: number; nombre_completo: string; email: string; }; _count: { comentarios: number; }; } & { noticiaId: number; titulo: string; ... 8 more ...; categoriaId: number; }' but required in type '{ noticia_id: number; }'.

[7m69[0m       this.adjuntarReacciones(noticia, conteos[noticia.noticia_id])
[7m  [0m [91m                              ~~~~~~~[0m

  [96msrc/modulos/noticias/noticias.service.ts[0m:[93m21[0m:[93m42[0m
    [7m21[0m   private adjuntarReacciones<T extends { noticia_id: number }>(
    [7m  [0m [96m                                         ~~~~~~~~~~[0m
    'noticia_id' is declared here.
[96msrc/modulos/noticias/noticias.service.ts[0m:[93m69[0m:[93m56[0m - [91merror[0m[90m TS2551: [0mProperty 'noticia_id' does not exist on type '{ categoria: { categoriaId: number; nombre: string; }; autor: { usuarioId: number; nombre_completo: string; email: string; }; _count: { comentarios: number; }; } & { noticiaId: number; titulo: string; ... 8 more ...; categoriaId: number; }'. Did you mean 'noticiaId'?

[7m69[0m       this.adjuntarReacciones(noticia, conteos[noticia.noticia_id])
[7m  [0m [91m                                                       ~~~~~~~~~~[0m
[96msrc/modulos/noticias/noticias.service.ts[0m:[93m85[0m:[93m38[0m - [91merror[0m[90m TS2345: [0mArgument of type '{ categoria: { categoriaId: number; nombre: string; }; autor: { usuarioId: number; nombre_completo: string; email: string; rol: string; }; comentarios: ({ usuario: { usuarioId: number; nombre_completo: string; }; respuestas: ({ ...; } & { ...; })[]; } & { ...; })[]; } & { ...; }' is not assignable to parameter of type '{ noticia_id: number; }'.
  Property 'noticia_id' is missing in type '{ categoria: { categoriaId: number; nombre: string; }; autor: { usuarioId: number; nombre_completo: string; email: string; rol: string; }; comentarios: ({ usuario: { usuarioId: number; nombre_completo: string; }; respuestas: ({ ...; } & { ...; })[]; } & { ...; })[]; } & { ...; }' but required in type '{ noticia_id: number; }'.

[7m85[0m       return this.adjuntarReacciones(noticia);
[7m  [0m [91m                                     ~~~~~~~[0m

  [96msrc/modulos/noticias/noticias.service.ts[0m:[93m21[0m:[93m42[0m
    [7m21[0m   private adjuntarReacciones<T extends { noticia_id: number }>(
    [7m  [0m [96m                                         ~~~~~~~~~~[0m
    'noticia_id' is declared here.
[96msrc/modulos/noticias/noticias.service.ts[0m:[93m225[0m:[93m64[0m - [91merror[0m[90m TS2345: [0mArgument of type '{ categoria: { categoriaId: number; nombre: string; }; autor: { usuarioId: number; nombre_completo: string; email: string; }; _count: { comentarios: number; }; } & { noticiaId: number; titulo: string; ... 8 more ...; categoriaId: number; }' is not assignable to parameter of type '{ noticia_id: number; }'.
  Property 'noticia_id' is missing in type '{ categoria: { categoriaId: number; nombre: string; }; autor: { usuarioId: number; nombre_completo: string; email: string; }; _count: { comentarios: number; }; } & { noticiaId: number; titulo: string; ... 8 more ...; categoriaId: number; }' but required in type '{ noticia_id: number; }'.

[7m225[0m       return noticias.map((noticia) => this.adjuntarReacciones(noticia));
[7m   [0m [91m                                                               ~~~~~~~[0m

  [96msrc/modulos/noticias/noticias.service.ts[0m:[93m21[0m:[93m42[0m
    [7m21[0m   private adjuntarReacciones<T extends { noticia_id: number }>(
    [7m  [0m [96m                                         ~~~~~~~~~~[0m
    'noticia_id' is declared here.
[96msrc/modulos/noticias/noticias.service.ts[0m:[93m229[0m:[93m47[0m - [91merror[0m[90m TS2551: [0mProperty 'noticia_id' does not exist on type '{ categoria: { categoriaId: number; nombre: string; }; autor: { usuarioId: number; nombre_completo: string; email: string; }; _count: { comentarios: number; }; } & { noticiaId: number; titulo: string; ... 8 more ...; categoriaId: number; }'. Did you mean 'noticiaId'?

[7m229[0m     const noticia_ids = noticias.map((n) => n.noticia_id);
[7m   [0m [91m                                              ~~~~~~~~~~[0m
[96msrc/modulos/noticias/noticias.service.ts[0m:[93m234[0m:[93m31[0m - [91merror[0m[90m TS2345: [0mArgument of type '{ categoria: { categoriaId: number; nombre: string; }; autor: { usuarioId: number; nombre_completo: string; email: string; }; _count: { comentarios: number; }; } & { noticiaId: number; titulo: string; ... 8 more ...; categoriaId: number; }' is not assignable to parameter of type '{ noticia_id: number; }'.
  Property 'noticia_id' is missing in type '{ categoria: { categoriaId: number; nombre: string; }; autor: { usuarioId: number; nombre_completo: string; email: string; }; _count: { comentarios: number; }; } & { noticiaId: number; titulo: string; ... 8 more ...; categoriaId: number; }' but required in type '{ noticia_id: number; }'.

[7m234[0m       this.adjuntarReacciones(noticia, conteos[noticia.noticia_id])
[7m   [0m [91m                              ~~~~~~~[0m

  [96msrc/modulos/noticias/noticias.service.ts[0m:[93m21[0m:[93m42[0m
    [7m21[0m   private adjuntarReacciones<T extends { noticia_id: number }>(
    [7m  [0m [96m                                         ~~~~~~~~~~[0m
    'noticia_id' is declared here.
[96msrc/modulos/noticias/noticias.service.ts[0m:[93m234[0m:[93m56[0m - [91merror[0m[90m TS2551: [0mProperty 'noticia_id' does not exist on type '{ categoria: { categoriaId: number; nombre: string; }; autor: { usuarioId: number; nombre_completo: string; email: string; }; _count: { comentarios: number; }; } & { noticiaId: number; titulo: string; ... 8 more ...; categoriaId: number; }'. Did you mean 'noticiaId'?

[7m234[0m       this.adjuntarReacciones(noticia, conteos[noticia.noticia_id])
[7m   [0m [91m                                                       ~~~~~~~~~~[0m
[96msrc/modulos/noticias/noticias.service.ts[0m:[93m247[0m:[93m64[0m - [91merror[0m[90m TS2345: [0mArgument of type '{ categoria: { categoriaId: number; nombre: string; }; autor: { usuarioId: number; nombre_completo: string; }; } & { noticiaId: number; titulo: string; extracto: string; contenido_noticia: string; ... 6 more ...; categoriaId: number; }' is not assignable to parameter of type '{ noticia_id: number; }'.
  Property 'noticia_id' is missing in type '{ categoria: { categoriaId: number; nombre: string; }; autor: { usuarioId: number; nombre_completo: string; }; } & { noticiaId: number; titulo: string; extracto: string; contenido_noticia: string; ... 6 more ...; categoriaId: number; }' but required in type '{ noticia_id: number; }'.

[7m247[0m       return noticias.map((noticia) => this.adjuntarReacciones(noticia));
[7m   [0m [91m                                                               ~~~~~~~[0m

  [96msrc/modulos/noticias/noticias.service.ts[0m:[93m21[0m:[93m42[0m
    [7m21[0m   private adjuntarReacciones<T extends { noticia_id: number }>(
    [7m  [0m [96m                                         ~~~~~~~~~~[0m
    'noticia_id' is declared here.
[96msrc/modulos/noticias/noticias.service.ts[0m:[93m250[0m:[93m47[0m - [91merror[0m[90m TS2551: [0mProperty 'noticia_id' does not exist on type '{ categoria: { categoriaId: number; nombre: string; }; autor: { usuarioId: number; nombre_completo: string; }; } & { noticiaId: number; titulo: string; extracto: string; contenido_noticia: string; ... 6 more ...; categoriaId: number; }'. Did you mean 'noticiaId'?

[7m250[0m     const noticia_ids = noticias.map((n) => n.noticia_id);
[7m   [0m [91m                                              ~~~~~~~~~~[0m
[96msrc/modulos/noticias/noticias.service.ts[0m:[93m254[0m:[93m31[0m - [91merror[0m[90m TS2345: [0mArgument of type '{ categoria: { categoriaId: number; nombre: string; }; autor: { usuarioId: number; nombre_completo: string; }; } & { noticiaId: number; titulo: string; extracto: string; contenido_noticia: string; ... 6 more ...; categoriaId: number; }' is not assignable to parameter of type '{ noticia_id: number; }'.
  Property 'noticia_id' is missing in type '{ categoria: { categoriaId: number; nombre: string; }; autor: { usuarioId: number; nombre_completo: string; }; } & { noticiaId: number; titulo: string; extracto: string; contenido_noticia: string; ... 6 more ...; categoriaId: number; }' but required in type '{ noticia_id: number; }'.

[7m254[0m       this.adjuntarReacciones(noticia, conteos[noticia.noticia_id])
[7m   [0m [91m                              ~~~~~~~[0m

  [96msrc/modulos/noticias/noticias.service.ts[0m:[93m21[0m:[93m42[0m
    [7m21[0m   private adjuntarReacciones<T extends { noticia_id: number }>(
    [7m  [0m [96m                                         ~~~~~~~~~~[0m
    'noticia_id' is declared here.
[96msrc/modulos/noticias/noticias.service.ts[0m:[93m254[0m:[93m56[0m - [91merror[0m[90m TS2551: [0mProperty 'noticia_id' does not exist on type '{ categoria: { categoriaId: number; nombre: string; }; autor: { usuarioId: number; nombre_completo: string; }; } & { noticiaId: number; titulo: string; extracto: string; contenido_noticia: string; ... 6 more ...; categoriaId: number; }'. Did you mean 'noticiaId'?

[7m254[0m       this.adjuntarReacciones(noticia, conteos[noticia.noticia_id])
[7m   [0m [91m                                                       ~~~~~~~~~~[0m

    at createTSError (D:\aneupi-tv-backend\node_modules\ts-node\src\index.ts:859:12)
    at reportTSError (D:\aneupi-tv-backend\node_modules\ts-node\src\index.ts:863:19)
    at getOutput (D:\aneupi-tv-backend\node_modules\ts-node\src\index.ts:1077:36)
    at Object.compile (D:\aneupi-tv-backend\node_modules\ts-node\src\index.ts:1433:41)
    at Module.m._compile (D:\aneupi-tv-backend\node_modules\ts-node\src\index.ts:1617:30)
    at node:internal/modules/cjs/loader:1895:10
    at Object.require.extensions.<computed> [as .ts] (D:\aneupi-tv-backend\node_modules\ts-node\src\index.ts:1621:12)
    at Module.load (node:internal/modules/cjs/loader:1465:32)
    at Function._load (node:internal/modules/cjs/loader:1282:12)
    at TracingChannel.traceSync (node:diagnostics_channel:322:14)
2025-11-15 21:53:05 error: 	uncaughtException: ⨯ Unable to compile TypeScript:
[96msrc/modulos/noticias/noticias.service.ts[0m:[93m60[0m:[93m64[0m - [91merror[0m[90m TS2345: [0mArgument of type '{ _count: { comentarios: number; }; autor: { nombre_completo: string; email: string; usuarioId: number; }; categoria: { categoriaId: number; nombre: string; }; } & { noticiaId: number; titulo: string; ... 8 more ...; categoriaId: number; }' is not assignable to parameter of type '{ noticia_id: number; }'.
  Property 'noticia_id' is missing in type '{ _count: { comentarios: number; }; autor: { nombre_completo: string; email: string; usuarioId: number; }; categoria: { categoriaId: number; nombre: string; }; } & { noticiaId: number; titulo: string; ... 8 more ...; categoriaId: number; }' but required in type '{ noticia_id: number; }'.

[7m60[0m       return noticias.map((noticia) => this.adjuntarReacciones(noticia));
[7m  [0m [91m                                                               ~~~~~~~[0m

  [96msrc/modulos/noticias/noticias.service.ts[0m:[93m21[0m:[93m42[0m
    [7m21[0m   private adjuntarReacciones<T extends { noticia_id: number }>(
    [7m  [0m [96m                                         ~~~~~~~~~~[0m
    'noticia_id' is declared here.
[96msrc/modulos/noticias/noticias.service.ts[0m:[93m64[0m:[93m47[0m - [91merror[0m[90m TS2551: [0mProperty 'noticia_id' does not exist on type '{ _count: { comentarios: number; }; autor: { nombre_completo: string; email: string; usuarioId: number; }; categoria: { categoriaId: number; nombre: string; }; } & { noticiaId: number; titulo: string; ... 8 more ...; categoriaId: number; }'. Did you mean 'noticiaId'?

[7m64[0m     const noticia_ids = noticias.map((n) => n.noticia_id);
[7m  [0m [91m                                              ~~~~~~~~~~[0m
[96msrc/modulos/noticias/noticias.service.ts[0m:[93m69[0m:[93m31[0m - [91merror[0m[90m TS2345: [0mArgument of type '{ _count: { comentarios: number; }; autor: { nombre_completo: string; email: string; usuarioId: number; }; categoria: { categoriaId: number; nombre: string; }; } & { noticiaId: number; titulo: string; ... 8 more ...; categoriaId: number; }' is not assignable to parameter of type '{ noticia_id: number; }'.
  Property 'noticia_id' is missing in type '{ _count: { comentarios: number; }; autor: { nombre_completo: string; email: string; usuarioId: number; }; categoria: { categoriaId: number; nombre: string; }; } & { noticiaId: number; titulo: string; ... 8 more ...; categoriaId: number; }' but required in type '{ noticia_id: number; }'.

[7m69[0m       this.adjuntarReacciones(noticia, conteos[noticia.noticia_id])
[7m  [0m [91m                              ~~~~~~~[0m

  [96msrc/modulos/noticias/noticias.service.ts[0m:[93m21[0m:[93m42[0m
    [7m21[0m   private adjuntarReacciones<T extends { noticia_id: number }>(
    [7m  [0m [96m                                         ~~~~~~~~~~[0m
    'noticia_id' is declared here.
[96msrc/modulos/noticias/noticias.service.ts[0m:[93m69[0m:[93m56[0m - [91merror[0m[90m TS2551: [0mProperty 'noticia_id' does not exist on type '{ _count: { comentarios: number; }; autor: { nombre_completo: string; email: string; usuarioId: number; }; categoria: { categoriaId: number; nombre: string; }; } & { noticiaId: number; titulo: string; ... 8 more ...; categoriaId: number; }'. Did you mean 'noticiaId'?

[7m69[0m       this.adjuntarReacciones(noticia, conteos[noticia.noticia_id])
[7m  [0m [91m                                                       ~~~~~~~~~~[0m
[96msrc/modulos/noticias/noticias.service.ts[0m:[93m85[0m:[93m38[0m - [91merror[0m[90m TS2345: [0mArgument of type '{ autor: { nombre_completo: string; email: string; usuarioId: number; rol: string; }; categoria: { categoriaId: number; nombre: string; }; comentarios: ({ usuario: { nombre_completo: string; usuarioId: number; }; respuestas: ({ ...; } & { ...; })[]; } & { ...; })[]; } & { ...; }' is not assignable to parameter of type '{ noticia_id: number; }'.
  Property 'noticia_id' is missing in type '{ autor: { nombre_completo: string; email: string; usuarioId: number; rol: string; }; categoria: { categoriaId: number; nombre: string; }; comentarios: ({ usuario: { nombre_completo: string; usuarioId: number; }; respuestas: ({ ...; } & { ...; })[]; } & { ...; })[]; } & { ...; }' but required in type '{ noticia_id: number; }'.

[7m85[0m       return this.adjuntarReacciones(noticia);
[7m  [0m [91m                                     ~~~~~~~[0m

  [96msrc/modulos/noticias/noticias.service.ts[0m:[93m21[0m:[93m42[0m
    [7m21[0m   private adjuntarReacciones<T extends { noticia_id: number }>(
    [7m  [0m [96m                                         ~~~~~~~~~~[0m
    'noticia_id' is declared here.
[96msrc/modulos/noticias/noticias.service.ts[0m:[93m225[0m:[93m64[0m - [91merror[0m[90m TS2345: [0mArgument of type '{ _count: { comentarios: number; }; autor: { nombre_completo: string; email: string; usuarioId: number; }; categoria: { categoriaId: number; nombre: string; }; } & { noticiaId: number; titulo: string; ... 8 more ...; categoriaId: number; }' is not assignable to parameter of type '{ noticia_id: number; }'.
  Property 'noticia_id' is missing in type '{ _count: { comentarios: number; }; autor: { nombre_completo: string; email: string; usuarioId: number; }; categoria: { categoriaId: number; nombre: string; }; } & { noticiaId: number; titulo: string; ... 8 more ...; categoriaId: number; }' but required in type '{ noticia_id: number; }'.

[7m225[0m       return noticias.map((noticia) => this.adjuntarReacciones(noticia));
[7m   [0m [91m                                                               ~~~~~~~[0m

  [96msrc/modulos/noticias/noticias.service.ts[0m:[93m21[0m:[93m42[0m
    [7m21[0m   private adjuntarReacciones<T extends { noticia_id: number }>(
    [7m  [0m [96m                                         ~~~~~~~~~~[0m
    'noticia_id' is declared here.
[96msrc/modulos/noticias/noticias.service.ts[0m:[93m229[0m:[93m47[0m - [91merror[0m[90m TS2551: [0mProperty 'noticia_id' does not exist on type '{ _count: { comentarios: number; }; autor: { nombre_completo: string; email: string; usuarioId: number; }; categoria: { categoriaId: number; nombre: string; }; } & { noticiaId: number; titulo: string; ... 8 more ...; categoriaId: number; }'. Did you mean 'noticiaId'?

[7m229[0m     const noticia_ids = noticias.map((n) => n.noticia_id);
[7m   [0m [91m                                              ~~~~~~~~~~[0m
[96msrc/modulos/noticias/noticias.service.ts[0m:[93m234[0m:[93m31[0m - [91merror[0m[90m TS2345: [0mArgument of type '{ _count: { comentarios: number; }; autor: { nombre_completo: string; email: string; usuarioId: number; }; categoria: { categoriaId: number; nombre: string; }; } & { noticiaId: number; titulo: string; ... 8 more ...; categoriaId: number; }' is not assignable to parameter of type '{ noticia_id: number; }'.
  Property 'noticia_id' is missing in type '{ _count: { comentarios: number; }; autor: { nombre_completo: string; email: string; usuarioId: number; }; categoria: { categoriaId: number; nombre: string; }; } & { noticiaId: number; titulo: string; ... 8 more ...; categoriaId: number; }' but required in type '{ noticia_id: number; }'.

[7m234[0m       this.adjuntarReacciones(noticia, conteos[noticia.noticia_id])
[7m   [0m [91m                              ~~~~~~~[0m

  [96msrc/modulos/noticias/noticias.service.ts[0m:[93m21[0m:[93m42[0m
    [7m21[0m   private adjuntarReacciones<T extends { noticia_id: number }>(
    [7m  [0m [96m                                         ~~~~~~~~~~[0m
    'noticia_id' is declared here.
[96msrc/modulos/noticias/noticias.service.ts[0m:[93m234[0m:[93m56[0m - [91merror[0m[90m TS2551: [0mProperty 'noticia_id' does not exist on type '{ _count: { comentarios: number; }; autor: { nombre_completo: string; email: string; usuarioId: number; }; categoria: { categoriaId: number; nombre: string; }; } & { noticiaId: number; titulo: string; ... 8 more ...; categoriaId: number; }'. Did you mean 'noticiaId'?

[7m234[0m       this.adjuntarReacciones(noticia, conteos[noticia.noticia_id])
[7m   [0m [91m                                                       ~~~~~~~~~~[0m
[96msrc/modulos/noticias/noticias.service.ts[0m:[93m247[0m:[93m64[0m - [91merror[0m[90m TS2345: [0mArgument of type '{ autor: { nombre_completo: string; usuarioId: number; }; categoria: { categoriaId: number; nombre: string; }; } & { noticiaId: number; titulo: string; extracto: string; contenido_noticia: string; ... 6 more ...; categoriaId: number; }' is not assignable to parameter of type '{ noticia_id: number; }'.
  Property 'noticia_id' is missing in type '{ autor: { nombre_completo: string; usuarioId: number; }; categoria: { categoriaId: number; nombre: string; }; } & { noticiaId: number; titulo: string; extracto: string; contenido_noticia: string; ... 6 more ...; categoriaId: number; }' but required in type '{ noticia_id: number; }'.

[7m247[0m       return noticias.map((noticia) => this.adjuntarReacciones(noticia));
[7m   [0m [91m                                                               ~~~~~~~[0m

  [96msrc/modulos/noticias/noticias.service.ts[0m:[93m21[0m:[93m42[0m
    [7m21[0m   private adjuntarReacciones<T extends { noticia_id: number }>(
    [7m  [0m [96m                                         ~~~~~~~~~~[0m
    'noticia_id' is declared here.
[96msrc/modulos/noticias/noticias.service.ts[0m:[93m250[0m:[93m47[0m - [91merror[0m[90m TS2551: [0mProperty 'noticia_id' does not exist on type '{ autor: { nombre_completo: string; usuarioId: number; }; categoria: { categoriaId: number; nombre: string; }; } & { noticiaId: number; titulo: string; extracto: string; contenido_noticia: string; ... 6 more ...; categoriaId: number; }'. Did you mean 'noticiaId'?

[7m250[0m     const noticia_ids = noticias.map((n) => n.noticia_id);
[7m   [0m [91m                                              ~~~~~~~~~~[0m
[96msrc/modulos/noticias/noticias.service.ts[0m:[93m254[0m:[93m31[0m - [91merror[0m[90m TS2345: [0mArgument of type '{ autor: { nombre_completo: string; usuarioId: number; }; categoria: { categoriaId: number; nombre: string; }; } & { noticiaId: number; titulo: string; extracto: string; contenido_noticia: string; ... 6 more ...; categoriaId: number; }' is not assignable to parameter of type '{ noticia_id: number; }'.
  Property 'noticia_id' is missing in type '{ autor: { nombre_completo: string; usuarioId: number; }; categoria: { categoriaId: number; nombre: string; }; } & { noticiaId: number; titulo: string; extracto: string; contenido_noticia: string; ... 6 more ...; categoriaId: number; }' but required in type '{ noticia_id: number; }'.

[7m254[0m       this.adjuntarReacciones(noticia, conteos[noticia.noticia_id])
[7m   [0m [91m                              ~~~~~~~[0m

  [96msrc/modulos/noticias/noticias.service.ts[0m:[93m21[0m:[93m42[0m
    [7m21[0m   private adjuntarReacciones<T extends { noticia_id: number }>(
    [7m  [0m [96m                                         ~~~~~~~~~~[0m
    'noticia_id' is declared here.
[96msrc/modulos/noticias/noticias.service.ts[0m:[93m254[0m:[93m56[0m - [91merror[0m[90m TS2551: [0mProperty 'noticia_id' does not exist on type '{ autor: { nombre_completo: string; usuarioId: number; }; categoria: { categoriaId: number; nombre: string; }; } & { noticiaId: number; titulo: string; extracto: string; contenido_noticia: string; ... 6 more ...; categoriaId: number; }'. Did you mean 'noticiaId'?

[7m254[0m       this.adjuntarReacciones(noticia, conteos[noticia.noticia_id])
[7m   [0m [91m                                                       ~~~~~~~~~~[0m

TSError: ⨯ Unable to compile TypeScript:
[96msrc/modulos/noticias/noticias.service.ts[0m:[93m60[0m:[93m64[0m - [91merror[0m[90m TS2345: [0mArgument of type '{ _count: { comentarios: number; }; autor: { nombre_completo: string; email: string; usuarioId: number; }; categoria: { categoriaId: number; nombre: string; }; } & { noticiaId: number; titulo: string; ... 8 more ...; categoriaId: number; }' is not assignable to parameter of type '{ noticia_id: number; }'.
  Property 'noticia_id' is missing in type '{ _count: { comentarios: number; }; autor: { nombre_completo: string; email: string; usuarioId: number; }; categoria: { categoriaId: number; nombre: string; }; } & { noticiaId: number; titulo: string; ... 8 more ...; categoriaId: number; }' but required in type '{ noticia_id: number; }'.

[7m60[0m       return noticias.map((noticia) => this.adjuntarReacciones(noticia));
[7m  [0m [91m                                                               ~~~~~~~[0m

  [96msrc/modulos/noticias/noticias.service.ts[0m:[93m21[0m:[93m42[0m
    [7m21[0m   private adjuntarReacciones<T extends { noticia_id: number }>(
    [7m  [0m [96m                                         ~~~~~~~~~~[0m
    'noticia_id' is declared here.
[96msrc/modulos/noticias/noticias.service.ts[0m:[93m64[0m:[93m47[0m - [91merror[0m[90m TS2551: [0mProperty 'noticia_id' does not exist on type '{ _count: { comentarios: number; }; autor: { nombre_completo: string; email: string; usuarioId: number; }; categoria: { categoriaId: number; nombre: string; }; } & { noticiaId: number; titulo: string; ... 8 more ...; categoriaId: number; }'. Did you mean 'noticiaId'?

[7m64[0m     const noticia_ids = noticias.map((n) => n.noticia_id);
[7m  [0m [91m                                              ~~~~~~~~~~[0m
[96msrc/modulos/noticias/noticias.service.ts[0m:[93m69[0m:[93m31[0m - [91merror[0m[90m TS2345: [0mArgument of type '{ _count: { comentarios: number; }; autor: { nombre_completo: string; email: string; usuarioId: number; }; categoria: { categoriaId: number; nombre: string; }; } & { noticiaId: number; titulo: string; ... 8 more ...; categoriaId: number; }' is not assignable to parameter of type '{ noticia_id: number; }'.
  Property 'noticia_id' is missing in type '{ _count: { comentarios: number; }; autor: { nombre_completo: string; email: string; usuarioId: number; }; categoria: { categoriaId: number; nombre: string; }; } & { noticiaId: number; titulo: string; ... 8 more ...; categoriaId: number; }' but required in type '{ noticia_id: number; }'.

[7m69[0m       this.adjuntarReacciones(noticia, conteos[noticia.noticia_id])
[7m  [0m [91m                              ~~~~~~~[0m

  [96msrc/modulos/noticias/noticias.service.ts[0m:[93m21[0m:[93m42[0m
    [7m21[0m   private adjuntarReacciones<T extends { noticia_id: number }>(
    [7m  [0m [96m                                         ~~~~~~~~~~[0m
    'noticia_id' is declared here.
[96msrc/modulos/noticias/noticias.service.ts[0m:[93m69[0m:[93m56[0m - [91merror[0m[90m TS2551: [0mProperty 'noticia_id' does not exist on type '{ _count: { comentarios: number; }; autor: { nombre_completo: string; email: string; usuarioId: number; }; categoria: { categoriaId: number; nombre: string; }; } & { noticiaId: number; titulo: string; ... 8 more ...; categoriaId: number; }'. Did you mean 'noticiaId'?

[7m69[0m       this.adjuntarReacciones(noticia, conteos[noticia.noticia_id])
[7m  [0m [91m                                                       ~~~~~~~~~~[0m
[96msrc/modulos/noticias/noticias.service.ts[0m:[93m85[0m:[93m38[0m - [91merror[0m[90m TS2345: [0mArgument of type '{ autor: { nombre_completo: string; email: string; usuarioId: number; rol: string; }; categoria: { categoriaId: number; nombre: string; }; comentarios: ({ usuario: { nombre_completo: string; usuarioId: number; }; respuestas: ({ ...; } & { ...; })[]; } & { ...; })[]; } & { ...; }' is not assignable to parameter of type '{ noticia_id: number; }'.
  Property 'noticia_id' is missing in type '{ autor: { nombre_completo: string; email: string; usuarioId: number; rol: string; }; categoria: { categoriaId: number; nombre: string; }; comentarios: ({ usuario: { nombre_completo: string; usuarioId: number; }; respuestas: ({ ...; } & { ...; })[]; } & { ...; })[]; } & { ...; }' but required in type '{ noticia_id: number; }'.

[7m85[0m       return this.adjuntarReacciones(noticia);
[7m  [0m [91m                                     ~~~~~~~[0m

  [96msrc/modulos/noticias/noticias.service.ts[0m:[93m21[0m:[93m42[0m
    [7m21[0m   private adjuntarReacciones<T extends { noticia_id: number }>(
    [7m  [0m [96m                                         ~~~~~~~~~~[0m
    'noticia_id' is declared here.
[96msrc/modulos/noticias/noticias.service.ts[0m:[93m225[0m:[93m64[0m - [91merror[0m[90m TS2345: [0mArgument of type '{ _count: { comentarios: number; }; autor: { nombre_completo: string; email: string; usuarioId: number; }; categoria: { categoriaId: number; nombre: string; }; } & { noticiaId: number; titulo: string; ... 8 more ...; categoriaId: number; }' is not assignable to parameter of type '{ noticia_id: number; }'.
  Property 'noticia_id' is missing in type '{ _count: { comentarios: number; }; autor: { nombre_completo: string; email: string; usuarioId: number; }; categoria: { categoriaId: number; nombre: string; }; } & { noticiaId: number; titulo: string; ... 8 more ...; categoriaId: number; }' but required in type '{ noticia_id: number; }'.

[7m225[0m       return noticias.map((noticia) => this.adjuntarReacciones(noticia));
[7m   [0m [91m                                                               ~~~~~~~[0m

  [96msrc/modulos/noticias/noticias.service.ts[0m:[93m21[0m:[93m42[0m
    [7m21[0m   private adjuntarReacciones<T extends { noticia_id: number }>(
    [7m  [0m [96m                                         ~~~~~~~~~~[0m
    'noticia_id' is declared here.
[96msrc/modulos/noticias/noticias.service.ts[0m:[93m229[0m:[93m47[0m - [91merror[0m[90m TS2551: [0mProperty 'noticia_id' does not exist on type '{ _count: { comentarios: number; }; autor: { nombre_completo: string; email: string; usuarioId: number; }; categoria: { categoriaId: number; nombre: string; }; } & { noticiaId: number; titulo: string; ... 8 more ...; categoriaId: number; }'. Did you mean 'noticiaId'?

[7m229[0m     const noticia_ids = noticias.map((n) => n.noticia_id);
[7m   [0m [91m                                              ~~~~~~~~~~[0m
[96msrc/modulos/noticias/noticias.service.ts[0m:[93m234[0m:[93m31[0m - [91merror[0m[90m TS2345: [0mArgument of type '{ _count: { comentarios: number; }; autor: { nombre_completo: string; email: string; usuarioId: number; }; categoria: { categoriaId: number; nombre: string; }; } & { noticiaId: number; titulo: string; ... 8 more ...; categoriaId: number; }' is not assignable to parameter of type '{ noticia_id: number; }'.
  Property 'noticia_id' is missing in type '{ _count: { comentarios: number; }; autor: { nombre_completo: string; email: string; usuarioId: number; }; categoria: { categoriaId: number; nombre: string; }; } & { noticiaId: number; titulo: string; ... 8 more ...; categoriaId: number; }' but required in type '{ noticia_id: number; }'.

[7m234[0m       this.adjuntarReacciones(noticia, conteos[noticia.noticia_id])
[7m   [0m [91m                              ~~~~~~~[0m

  [96msrc/modulos/noticias/noticias.service.ts[0m:[93m21[0m:[93m42[0m
    [7m21[0m   private adjuntarReacciones<T extends { noticia_id: number }>(
    [7m  [0m [96m                                         ~~~~~~~~~~[0m
    'noticia_id' is declared here.
[96msrc/modulos/noticias/noticias.service.ts[0m:[93m234[0m:[93m56[0m - [91merror[0m[90m TS2551: [0mProperty 'noticia_id' does not exist on type '{ _count: { comentarios: number; }; autor: { nombre_completo: string; email: string; usuarioId: number; }; categoria: { categoriaId: number; nombre: string; }; } & { noticiaId: number; titulo: string; ... 8 more ...; categoriaId: number; }'. Did you mean 'noticiaId'?

[7m234[0m       this.adjuntarReacciones(noticia, conteos[noticia.noticia_id])
[7m   [0m [91m                                                       ~~~~~~~~~~[0m
[96msrc/modulos/noticias/noticias.service.ts[0m:[93m247[0m:[93m64[0m - [91merror[0m[90m TS2345: [0mArgument of type '{ autor: { nombre_completo: string; usuarioId: number; }; categoria: { categoriaId: number; nombre: string; }; } & { noticiaId: number; titulo: string; extracto: string; contenido_noticia: string; ... 6 more ...; categoriaId: number; }' is not assignable to parameter of type '{ noticia_id: number; }'.
  Property 'noticia_id' is missing in type '{ autor: { nombre_completo: string; usuarioId: number; }; categoria: { categoriaId: number; nombre: string; }; } & { noticiaId: number; titulo: string; extracto: string; contenido_noticia: string; ... 6 more ...; categoriaId: number; }' but required in type '{ noticia_id: number; }'.

[7m247[0m       return noticias.map((noticia) => this.adjuntarReacciones(noticia));
[7m   [0m [91m                                                               ~~~~~~~[0m

  [96msrc/modulos/noticias/noticias.service.ts[0m:[93m21[0m:[93m42[0m
    [7m21[0m   private adjuntarReacciones<T extends { noticia_id: number }>(
    [7m  [0m [96m                                         ~~~~~~~~~~[0m
    'noticia_id' is declared here.
[96msrc/modulos/noticias/noticias.service.ts[0m:[93m250[0m:[93m47[0m - [91merror[0m[90m TS2551: [0mProperty 'noticia_id' does not exist on type '{ autor: { nombre_completo: string; usuarioId: number; }; categoria: { categoriaId: number; nombre: string; }; } & { noticiaId: number; titulo: string; extracto: string; contenido_noticia: string; ... 6 more ...; categoriaId: number; }'. Did you mean 'noticiaId'?

[7m250[0m     const noticia_ids = noticias.map((n) => n.noticia_id);
[7m   [0m [91m                                              ~~~~~~~~~~[0m
[96msrc/modulos/noticias/noticias.service.ts[0m:[93m254[0m:[93m31[0m - [91merror[0m[90m TS2345: [0mArgument of type '{ autor: { nombre_completo: string; usuarioId: number; }; categoria: { categoriaId: number; nombre: string; }; } & { noticiaId: number; titulo: string; extracto: string; contenido_noticia: string; ... 6 more ...; categoriaId: number; }' is not assignable to parameter of type '{ noticia_id: number; }'.
  Property 'noticia_id' is missing in type '{ autor: { nombre_completo: string; usuarioId: number; }; categoria: { categoriaId: number; nombre: string; }; } & { noticiaId: number; titulo: string; extracto: string; contenido_noticia: string; ... 6 more ...; categoriaId: number; }' but required in type '{ noticia_id: number; }'.

[7m254[0m       this.adjuntarReacciones(noticia, conteos[noticia.noticia_id])
[7m   [0m [91m                              ~~~~~~~[0m

  [96msrc/modulos/noticias/noticias.service.ts[0m:[93m21[0m:[93m42[0m
    [7m21[0m   private adjuntarReacciones<T extends { noticia_id: number }>(
    [7m  [0m [96m                                         ~~~~~~~~~~[0m
    'noticia_id' is declared here.
[96msrc/modulos/noticias/noticias.service.ts[0m:[93m254[0m:[93m56[0m - [91merror[0m[90m TS2551: [0mProperty 'noticia_id' does not exist on type '{ autor: { nombre_completo: string; usuarioId: number; }; categoria: { categoriaId: number; nombre: string; }; } & { noticiaId: number; titulo: string; extracto: string; contenido_noticia: string; ... 6 more ...; categoriaId: number; }'. Did you mean 'noticiaId'?

[7m254[0m       this.adjuntarReacciones(noticia, conteos[noticia.noticia_id])
[7m   [0m [91m                                                       ~~~~~~~~~~[0m

    at createTSError (D:\aneupi-tv-backend\node_modules\ts-node\src\index.ts:859:12)
    at reportTSError (D:\aneupi-tv-backend\node_modules\ts-node\src\index.ts:863:19)
    at getOutput (D:\aneupi-tv-backend\node_modules\ts-node\src\index.ts:1077:36)
    at Object.compile (D:\aneupi-tv-backend\node_modules\ts-node\src\index.ts:1433:41)
    at Module.m._compile (D:\aneupi-tv-backend\node_modules\ts-node\src\index.ts:1617:30)
    at node:internal/modules/cjs/loader:1895:10
    at Object.require.extensions.<computed> [as .ts] (D:\aneupi-tv-backend\node_modules\ts-node\src\index.ts:1621:12)
    at Module.load (node:internal/modules/cjs/loader:1465:32)
    at Function._load (node:internal/modules/cjs/loader:1282:12)
    at TracingChannel.traceSync (node:diagnostics_channel:322:14)
2025-11-15 22:17:31 error: 	uncaughtException: ⨯ Unable to compile TypeScript:
[96msrc/modulos/noticias/noticias.service.ts[0m:[93m60[0m:[93m64[0m - [91merror[0m[90m TS2345: [0mArgument of type '{ _count: { comentarios: number; }; autor: { nombre_completo: string; email: string; usuarioId: number; }; categoria: { categoriaId: number; nombre: string; }; } & { noticiaId: number; titulo: string; ... 8 more ...; categoriaId: number; }' is not assignable to parameter of type '{ noticia_id: number; }'.
  Property 'noticia_id' is missing in type '{ _count: { comentarios: number; }; autor: { nombre_completo: string; email: string; usuarioId: number; }; categoria: { categoriaId: number; nombre: string; }; } & { noticiaId: number; titulo: string; ... 8 more ...; categoriaId: number; }' but required in type '{ noticia_id: number; }'.

[7m60[0m       return noticias.map((noticia) => this.adjuntarReacciones(noticia));
[7m  [0m [91m                                                               ~~~~~~~[0m

  [96msrc/modulos/noticias/noticias.service.ts[0m:[93m21[0m:[93m42[0m
    [7m21[0m   private adjuntarReacciones<T extends { noticia_id: number }>(
    [7m  [0m [96m                                         ~~~~~~~~~~[0m
    'noticia_id' is declared here.
[96msrc/modulos/noticias/noticias.service.ts[0m:[93m64[0m:[93m47[0m - [91merror[0m[90m TS2551: [0mProperty 'noticia_id' does not exist on type '{ _count: { comentarios: number; }; autor: { nombre_completo: string; email: string; usuarioId: number; }; categoria: { categoriaId: number; nombre: string; }; } & { noticiaId: number; titulo: string; ... 8 more ...; categoriaId: number; }'. Did you mean 'noticiaId'?

[7m64[0m     const noticia_ids = noticias.map((n) => n.noticia_id);
[7m  [0m [91m                                              ~~~~~~~~~~[0m
[96msrc/modulos/noticias/noticias.service.ts[0m:[93m69[0m:[93m31[0m - [91merror[0m[90m TS2345: [0mArgument of type '{ _count: { comentarios: number; }; autor: { nombre_completo: string; email: string; usuarioId: number; }; categoria: { categoriaId: number; nombre: string; }; } & { noticiaId: number; titulo: string; ... 8 more ...; categoriaId: number; }' is not assignable to parameter of type '{ noticia_id: number; }'.
  Property 'noticia_id' is missing in type '{ _count: { comentarios: number; }; autor: { nombre_completo: string; email: string; usuarioId: number; }; categoria: { categoriaId: number; nombre: string; }; } & { noticiaId: number; titulo: string; ... 8 more ...; categoriaId: number; }' but required in type '{ noticia_id: number; }'.

[7m69[0m       this.adjuntarReacciones(noticia, conteos[noticia.noticia_id])
[7m  [0m [91m                              ~~~~~~~[0m

  [96msrc/modulos/noticias/noticias.service.ts[0m:[93m21[0m:[93m42[0m
    [7m21[0m   private adjuntarReacciones<T extends { noticia_id: number }>(
    [7m  [0m [96m                                         ~~~~~~~~~~[0m
    'noticia_id' is declared here.
[96msrc/modulos/noticias/noticias.service.ts[0m:[93m69[0m:[93m56[0m - [91merror[0m[90m TS2551: [0mProperty 'noticia_id' does not exist on type '{ _count: { comentarios: number; }; autor: { nombre_completo: string; email: string; usuarioId: number; }; categoria: { categoriaId: number; nombre: string; }; } & { noticiaId: number; titulo: string; ... 8 more ...; categoriaId: number; }'. Did you mean 'noticiaId'?

[7m69[0m       this.adjuntarReacciones(noticia, conteos[noticia.noticia_id])
[7m  [0m [91m                                                       ~~~~~~~~~~[0m
[96msrc/modulos/noticias/noticias.service.ts[0m:[93m85[0m:[93m38[0m - [91merror[0m[90m TS2345: [0mArgument of type '{ autor: { nombre_completo: string; email: string; usuarioId: number; rol: string; }; categoria: { categoriaId: number; nombre: string; }; comentarios: ({ usuario: { nombre_completo: string; usuarioId: number; }; respuestas: ({ ...; } & { ...; })[]; } & { ...; })[]; } & { ...; }' is not assignable to parameter of type '{ noticia_id: number; }'.
  Property 'noticia_id' is missing in type '{ autor: { nombre_completo: string; email: string; usuarioId: number; rol: string; }; categoria: { categoriaId: number; nombre: string; }; comentarios: ({ usuario: { nombre_completo: string; usuarioId: number; }; respuestas: ({ ...; } & { ...; })[]; } & { ...; })[]; } & { ...; }' but required in type '{ noticia_id: number; }'.

[7m85[0m       return this.adjuntarReacciones(noticia);
[7m  [0m [91m                                     ~~~~~~~[0m

  [96msrc/modulos/noticias/noticias.service.ts[0m:[93m21[0m:[93m42[0m
    [7m21[0m   private adjuntarReacciones<T extends { noticia_id: number }>(
    [7m  [0m [96m                                         ~~~~~~~~~~[0m
    'noticia_id' is declared here.
[96msrc/modulos/noticias/noticias.service.ts[0m:[93m225[0m:[93m64[0m - [91merror[0m[90m TS2345: [0mArgument of type '{ _count: { comentarios: number; }; autor: { nombre_completo: string; email: string; usuarioId: number; }; categoria: { categoriaId: number; nombre: string; }; } & { noticiaId: number; titulo: string; ... 8 more ...; categoriaId: number; }' is not assignable to parameter of type '{ noticia_id: number; }'.
  Property 'noticia_id' is missing in type '{ _count: { comentarios: number; }; autor: { nombre_completo: string; email: string; usuarioId: number; }; categoria: { categoriaId: number; nombre: string; }; } & { noticiaId: number; titulo: string; ... 8 more ...; categoriaId: number; }' but required in type '{ noticia_id: number; }'.

[7m225[0m       return noticias.map((noticia) => this.adjuntarReacciones(noticia));
[7m   [0m [91m                                                               ~~~~~~~[0m

  [96msrc/modulos/noticias/noticias.service.ts[0m:[93m21[0m:[93m42[0m
    [7m21[0m   private adjuntarReacciones<T extends { noticia_id: number }>(
    [7m  [0m [96m                                         ~~~~~~~~~~[0m
    'noticia_id' is declared here.
[96msrc/modulos/noticias/noticias.service.ts[0m:[93m229[0m:[93m47[0m - [91merror[0m[90m TS2551: [0mProperty 'noticia_id' does not exist on type '{ _count: { comentarios: number; }; autor: { nombre_completo: string; email: string; usuarioId: number; }; categoria: { categoriaId: number; nombre: string; }; } & { noticiaId: number; titulo: string; ... 8 more ...; categoriaId: number; }'. Did you mean 'noticiaId'?

[7m229[0m     const noticia_ids = noticias.map((n) => n.noticia_id);
[7m   [0m [91m                                              ~~~~~~~~~~[0m
[96msrc/modulos/noticias/noticias.service.ts[0m:[93m234[0m:[93m31[0m - [91merror[0m[90m TS2345: [0mArgument of type '{ _count: { comentarios: number; }; autor: { nombre_completo: string; email: string; usuarioId: number; }; categoria: { categoriaId: number; nombre: string; }; } & { noticiaId: number; titulo: string; ... 8 more ...; categoriaId: number; }' is not assignable to parameter of type '{ noticia_id: number; }'.
  Property 'noticia_id' is missing in type '{ _count: { comentarios: number; }; autor: { nombre_completo: string; email: string; usuarioId: number; }; categoria: { categoriaId: number; nombre: string; }; } & { noticiaId: number; titulo: string; ... 8 more ...; categoriaId: number; }' but required in type '{ noticia_id: number; }'.

[7m234[0m       this.adjuntarReacciones(noticia, conteos[noticia.noticia_id])
[7m   [0m [91m                              ~~~~~~~[0m

  [96msrc/modulos/noticias/noticias.service.ts[0m:[93m21[0m:[93m42[0m
    [7m21[0m   private adjuntarReacciones<T extends { noticia_id: number }>(
    [7m  [0m [96m                                         ~~~~~~~~~~[0m
    'noticia_id' is declared here.
[96msrc/modulos/noticias/noticias.service.ts[0m:[93m234[0m:[93m56[0m - [91merror[0m[90m TS2551: [0mProperty 'noticia_id' does not exist on type '{ _count: { comentarios: number; }; autor: { nombre_completo: string; email: string; usuarioId: number; }; categoria: { categoriaId: number; nombre: string; }; } & { noticiaId: number; titulo: string; ... 8 more ...; categoriaId: number; }'. Did you mean 'noticiaId'?

[7m234[0m       this.adjuntarReacciones(noticia, conteos[noticia.noticia_id])
[7m   [0m [91m                                                       ~~~~~~~~~~[0m
[96msrc/modulos/noticias/noticias.service.ts[0m:[93m247[0m:[93m64[0m - [91merror[0m[90m TS2345: [0mArgument of type '{ autor: { nombre_completo: string; usuarioId: number; }; categoria: { categoriaId: number; nombre: string; }; } & { noticiaId: number; titulo: string; extracto: string; contenido_noticia: string; ... 6 more ...; categoriaId: number; }' is not assignable to parameter of type '{ noticia_id: number; }'.
  Property 'noticia_id' is missing in type '{ autor: { nombre_completo: string; usuarioId: number; }; categoria: { categoriaId: number; nombre: string; }; } & { noticiaId: number; titulo: string; extracto: string; contenido_noticia: string; ... 6 more ...; categoriaId: number; }' but required in type '{ noticia_id: number; }'.

[7m247[0m       return noticias.map((noticia) => this.adjuntarReacciones(noticia));
[7m   [0m [91m                                                               ~~~~~~~[0m

  [96msrc/modulos/noticias/noticias.service.ts[0m:[93m21[0m:[93m42[0m
    [7m21[0m   private adjuntarReacciones<T extends { noticia_id: number }>(
    [7m  [0m [96m                                         ~~~~~~~~~~[0m
    'noticia_id' is declared here.
[96msrc/modulos/noticias/noticias.service.ts[0m:[93m250[0m:[93m47[0m - [91merror[0m[90m TS2551: [0mProperty 'noticia_id' does not exist on type '{ autor: { nombre_completo: string; usuarioId: number; }; categoria: { categoriaId: number; nombre: string; }; } & { noticiaId: number; titulo: string; extracto: string; contenido_noticia: string; ... 6 more ...; categoriaId: number; }'. Did you mean 'noticiaId'?

[7m250[0m     const noticia_ids = noticias.map((n) => n.noticia_id);
[7m   [0m [91m                                              ~~~~~~~~~~[0m
[96msrc/modulos/noticias/noticias.service.ts[0m:[93m254[0m:[93m31[0m - [91merror[0m[90m TS2345: [0mArgument of type '{ autor: { nombre_completo: string; usuarioId: number; }; categoria: { categoriaId: number; nombre: string; }; } & { noticiaId: number; titulo: string; extracto: string; contenido_noticia: string; ... 6 more ...; categoriaId: number; }' is not assignable to parameter of type '{ noticia_id: number; }'.
  Property 'noticia_id' is missing in type '{ autor: { nombre_completo: string; usuarioId: number; }; categoria: { categoriaId: number; nombre: string; }; } & { noticiaId: number; titulo: string; extracto: string; contenido_noticia: string; ... 6 more ...; categoriaId: number; }' but required in type '{ noticia_id: number; }'.

[7m254[0m       this.adjuntarReacciones(noticia, conteos[noticia.noticia_id])
[7m   [0m [91m                              ~~~~~~~[0m

  [96msrc/modulos/noticias/noticias.service.ts[0m:[93m21[0m:[93m42[0m
    [7m21[0m   private adjuntarReacciones<T extends { noticia_id: number }>(
    [7m  [0m [96m                                         ~~~~~~~~~~[0m
    'noticia_id' is declared here.
[96msrc/modulos/noticias/noticias.service.ts[0m:[93m254[0m:[93m56[0m - [91merror[0m[90m TS2551: [0mProperty 'noticia_id' does not exist on type '{ autor: { nombre_completo: string; usuarioId: number; }; categoria: { categoriaId: number; nombre: string; }; } & { noticiaId: number; titulo: string; extracto: string; contenido_noticia: string; ... 6 more ...; categoriaId: number; }'. Did you mean 'noticiaId'?

[7m254[0m       this.adjuntarReacciones(noticia, conteos[noticia.noticia_id])
[7m   [0m [91m                                                       ~~~~~~~~~~[0m

TSError: ⨯ Unable to compile TypeScript:
[96msrc/modulos/noticias/noticias.service.ts[0m:[93m60[0m:[93m64[0m - [91merror[0m[90m TS2345: [0mArgument of type '{ _count: { comentarios: number; }; autor: { nombre_completo: string; email: string; usuarioId: number; }; categoria: { categoriaId: number; nombre: string; }; } & { noticiaId: number; titulo: string; ... 8 more ...; categoriaId: number; }' is not assignable to parameter of type '{ noticia_id: number; }'.
  Property 'noticia_id' is missing in type '{ _count: { comentarios: number; }; autor: { nombre_completo: string; email: string; usuarioId: number; }; categoria: { categoriaId: number; nombre: string; }; } & { noticiaId: number; titulo: string; ... 8 more ...; categoriaId: number; }' but required in type '{ noticia_id: number; }'.

[7m60[0m       return noticias.map((noticia) => this.adjuntarReacciones(noticia));
[7m  [0m [91m                                                               ~~~~~~~[0m

  [96msrc/modulos/noticias/noticias.service.ts[0m:[93m21[0m:[93m42[0m
    [7m21[0m   private adjuntarReacciones<T extends { noticia_id: number }>(
    [7m  [0m [96m                                         ~~~~~~~~~~[0m
    'noticia_id' is declared here.
[96msrc/modulos/noticias/noticias.service.ts[0m:[93m64[0m:[93m47[0m - [91merror[0m[90m TS2551: [0mProperty 'noticia_id' does not exist on type '{ _count: { comentarios: number; }; autor: { nombre_completo: string; email: string; usuarioId: number; }; categoria: { categoriaId: number; nombre: string; }; } & { noticiaId: number; titulo: string; ... 8 more ...; categoriaId: number; }'. Did you mean 'noticiaId'?

[7m64[0m     const noticia_ids = noticias.map((n) => n.noticia_id);
[7m  [0m [91m                                              ~~~~~~~~~~[0m
[96msrc/modulos/noticias/noticias.service.ts[0m:[93m69[0m:[93m31[0m - [91merror[0m[90m TS2345: [0mArgument of type '{ _count: { comentarios: number; }; autor: { nombre_completo: string; email: string; usuarioId: number; }; categoria: { categoriaId: number; nombre: string; }; } & { noticiaId: number; titulo: string; ... 8 more ...; categoriaId: number; }' is not assignable to parameter of type '{ noticia_id: number; }'.
  Property 'noticia_id' is missing in type '{ _count: { comentarios: number; }; autor: { nombre_completo: string; email: string; usuarioId: number; }; categoria: { categoriaId: number; nombre: string; }; } & { noticiaId: number; titulo: string; ... 8 more ...; categoriaId: number; }' but required in type '{ noticia_id: number; }'.

[7m69[0m       this.adjuntarReacciones(noticia, conteos[noticia.noticia_id])
[7m  [0m [91m                              ~~~~~~~[0m

  [96msrc/modulos/noticias/noticias.service.ts[0m:[93m21[0m:[93m42[0m
    [7m21[0m   private adjuntarReacciones<T extends { noticia_id: number }>(
    [7m  [0m [96m                                         ~~~~~~~~~~[0m
    'noticia_id' is declared here.
[96msrc/modulos/noticias/noticias.service.ts[0m:[93m69[0m:[93m56[0m - [91merror[0m[90m TS2551: [0mProperty 'noticia_id' does not exist on type '{ _count: { comentarios: number; }; autor: { nombre_completo: string; email: string; usuarioId: number; }; categoria: { categoriaId: number; nombre: string; }; } & { noticiaId: number; titulo: string; ... 8 more ...; categoriaId: number; }'. Did you mean 'noticiaId'?

[7m69[0m       this.adjuntarReacciones(noticia, conteos[noticia.noticia_id])
[7m  [0m [91m                                                       ~~~~~~~~~~[0m
[96msrc/modulos/noticias/noticias.service.ts[0m:[93m85[0m:[93m38[0m - [91merror[0m[90m TS2345: [0mArgument of type '{ autor: { nombre_completo: string; email: string; usuarioId: number; rol: string; }; categoria: { categoriaId: number; nombre: string; }; comentarios: ({ usuario: { nombre_completo: string; usuarioId: number; }; respuestas: ({ ...; } & { ...; })[]; } & { ...; })[]; } & { ...; }' is not assignable to parameter of type '{ noticia_id: number; }'.
  Property 'noticia_id' is missing in type '{ autor: { nombre_completo: string; email: string; usuarioId: number; rol: string; }; categoria: { categoriaId: number; nombre: string; }; comentarios: ({ usuario: { nombre_completo: string; usuarioId: number; }; respuestas: ({ ...; } & { ...; })[]; } & { ...; })[]; } & { ...; }' but required in type '{ noticia_id: number; }'.

[7m85[0m       return this.adjuntarReacciones(noticia);
[7m  [0m [91m                                     ~~~~~~~[0m

  [96msrc/modulos/noticias/noticias.service.ts[0m:[93m21[0m:[93m42[0m
    [7m21[0m   private adjuntarReacciones<T extends { noticia_id: number }>(
    [7m  [0m [96m                                         ~~~~~~~~~~[0m
    'noticia_id' is declared here.
[96msrc/modulos/noticias/noticias.service.ts[0m:[93m225[0m:[93m64[0m - [91merror[0m[90m TS2345: [0mArgument of type '{ _count: { comentarios: number; }; autor: { nombre_completo: string; email: string; usuarioId: number; }; categoria: { categoriaId: number; nombre: string; }; } & { noticiaId: number; titulo: string; ... 8 more ...; categoriaId: number; }' is not assignable to parameter of type '{ noticia_id: number; }'.
  Property 'noticia_id' is missing in type '{ _count: { comentarios: number; }; autor: { nombre_completo: string; email: string; usuarioId: number; }; categoria: { categoriaId: number; nombre: string; }; } & { noticiaId: number; titulo: string; ... 8 more ...; categoriaId: number; }' but required in type '{ noticia_id: number; }'.

[7m225[0m       return noticias.map((noticia) => this.adjuntarReacciones(noticia));
[7m   [0m [91m                                                               ~~~~~~~[0m

  [96msrc/modulos/noticias/noticias.service.ts[0m:[93m21[0m:[93m42[0m
    [7m21[0m   private adjuntarReacciones<T extends { noticia_id: number }>(
    [7m  [0m [96m                                         ~~~~~~~~~~[0m
    'noticia_id' is declared here.
[96msrc/modulos/noticias/noticias.service.ts[0m:[93m229[0m:[93m47[0m - [91merror[0m[90m TS2551: [0mProperty 'noticia_id' does not exist on type '{ _count: { comentarios: number; }; autor: { nombre_completo: string; email: string; usuarioId: number; }; categoria: { categoriaId: number; nombre: string; }; } & { noticiaId: number; titulo: string; ... 8 more ...; categoriaId: number; }'. Did you mean 'noticiaId'?

[7m229[0m     const noticia_ids = noticias.map((n) => n.noticia_id);
[7m   [0m [91m                                              ~~~~~~~~~~[0m
[96msrc/modulos/noticias/noticias.service.ts[0m:[93m234[0m:[93m31[0m - [91merror[0m[90m TS2345: [0mArgument of type '{ _count: { comentarios: number; }; autor: { nombre_completo: string; email: string; usuarioId: number; }; categoria: { categoriaId: number; nombre: string; }; } & { noticiaId: number; titulo: string; ... 8 more ...; categoriaId: number; }' is not assignable to parameter of type '{ noticia_id: number; }'.
  Property 'noticia_id' is missing in type '{ _count: { comentarios: number; }; autor: { nombre_completo: string; email: string; usuarioId: number; }; categoria: { categoriaId: number; nombre: string; }; } & { noticiaId: number; titulo: string; ... 8 more ...; categoriaId: number; }' but required in type '{ noticia_id: number; }'.

[7m234[0m       this.adjuntarReacciones(noticia, conteos[noticia.noticia_id])
[7m   [0m [91m                              ~~~~~~~[0m

  [96msrc/modulos/noticias/noticias.service.ts[0m:[93m21[0m:[93m42[0m
    [7m21[0m   private adjuntarReacciones<T extends { noticia_id: number }>(
    [7m  [0m [96m                                         ~~~~~~~~~~[0m
    'noticia_id' is declared here.
[96msrc/modulos/noticias/noticias.service.ts[0m:[93m234[0m:[93m56[0m - [91merror[0m[90m TS2551: [0mProperty 'noticia_id' does not exist on type '{ _count: { comentarios: number; }; autor: { nombre_completo: string; email: string; usuarioId: number; }; categoria: { categoriaId: number; nombre: string; }; } & { noticiaId: number; titulo: string; ... 8 more ...; categoriaId: number; }'. Did you mean 'noticiaId'?

[7m234[0m       this.adjuntarReacciones(noticia, conteos[noticia.noticia_id])
[7m   [0m [91m                                                       ~~~~~~~~~~[0m
[96msrc/modulos/noticias/noticias.service.ts[0m:[93m247[0m:[93m64[0m - [91merror[0m[90m TS2345: [0mArgument of type '{ autor: { nombre_completo: string; usuarioId: number; }; categoria: { categoriaId: number; nombre: string; }; } & { noticiaId: number; titulo: string; extracto: string; contenido_noticia: string; ... 6 more ...; categoriaId: number; }' is not assignable to parameter of type '{ noticia_id: number; }'.
  Property 'noticia_id' is missing in type '{ autor: { nombre_completo: string; usuarioId: number; }; categoria: { categoriaId: number; nombre: string; }; } & { noticiaId: number; titulo: string; extracto: string; contenido_noticia: string; ... 6 more ...; categoriaId: number; }' but required in type '{ noticia_id: number; }'.

[7m247[0m       return noticias.map((noticia) => this.adjuntarReacciones(noticia));
[7m   [0m [91m                                                               ~~~~~~~[0m

  [96msrc/modulos/noticias/noticias.service.ts[0m:[93m21[0m:[93m42[0m
    [7m21[0m   private adjuntarReacciones<T extends { noticia_id: number }>(
    [7m  [0m [96m                                         ~~~~~~~~~~[0m
    'noticia_id' is declared here.
[96msrc/modulos/noticias/noticias.service.ts[0m:[93m250[0m:[93m47[0m - [91merror[0m[90m TS2551: [0mProperty 'noticia_id' does not exist on type '{ autor: { nombre_completo: string; usuarioId: number; }; categoria: { categoriaId: number; nombre: string; }; } & { noticiaId: number; titulo: string; extracto: string; contenido_noticia: string; ... 6 more ...; categoriaId: number; }'. Did you mean 'noticiaId'?

[7m250[0m     const noticia_ids = noticias.map((n) => n.noticia_id);
[7m   [0m [91m                                              ~~~~~~~~~~[0m
[96msrc/modulos/noticias/noticias.service.ts[0m:[93m254[0m:[93m31[0m - [91merror[0m[90m TS2345: [0mArgument of type '{ autor: { nombre_completo: string; usuarioId: number; }; categoria: { categoriaId: number; nombre: string; }; } & { noticiaId: number; titulo: string; extracto: string; contenido_noticia: string; ... 6 more ...; categoriaId: number; }' is not assignable to parameter of type '{ noticia_id: number; }'.
  Property 'noticia_id' is missing in type '{ autor: { nombre_completo: string; usuarioId: number; }; categoria: { categoriaId: number; nombre: string; }; } & { noticiaId: number; titulo: string; extracto: string; contenido_noticia: string; ... 6 more ...; categoriaId: number; }' but required in type '{ noticia_id: number; }'.

[7m254[0m       this.adjuntarReacciones(noticia, conteos[noticia.noticia_id])
[7m   [0m [91m                              ~~~~~~~[0m

  [96msrc/modulos/noticias/noticias.service.ts[0m:[93m21[0m:[93m42[0m
    [7m21[0m   private adjuntarReacciones<T extends { noticia_id: number }>(
    [7m  [0m [96m                                         ~~~~~~~~~~[0m
    'noticia_id' is declared here.
[96msrc/modulos/noticias/noticias.service.ts[0m:[93m254[0m:[93m56[0m - [91merror[0m[90m TS2551: [0mProperty 'noticia_id' does not exist on type '{ autor: { nombre_completo: string; usuarioId: number; }; categoria: { categoriaId: number; nombre: string; }; } & { noticiaId: number; titulo: string; extracto: string; contenido_noticia: string; ... 6 more ...; categoriaId: number; }'. Did you mean 'noticiaId'?

[7m254[0m       this.adjuntarReacciones(noticia, conteos[noticia.noticia_id])
[7m   [0m [91m                                                       ~~~~~~~~~~[0m

    at createTSError (D:\aneupi-tv-backend\node_modules\ts-node\src\index.ts:859:12)
    at reportTSError (D:\aneupi-tv-backend\node_modules\ts-node\src\index.ts:863:19)
    at getOutput (D:\aneupi-tv-backend\node_modules\ts-node\src\index.ts:1077:36)
    at Object.compile (D:\aneupi-tv-backend\node_modules\ts-node\src\index.ts:1433:41)
    at Module.m._compile (D:\aneupi-tv-backend\node_modules\ts-node\src\index.ts:1617:30)
    at node:internal/modules/cjs/loader:1895:10
    at Object.require.extensions.<computed> [as .ts] (D:\aneupi-tv-backend\node_modules\ts-node\src\index.ts:1621:12)
    at Module.load (node:internal/modules/cjs/loader:1465:32)
    at Function._load (node:internal/modules/cjs/loader:1282:12)
    at TracingChannel.traceSync (node:diagnostics_channel:322:14)
2025-11-15 22:42:18 error: 	uncaughtException: ⨯ Unable to compile TypeScript:
[96msrc/modulos/noticias/noticias.service.ts[0m:[93m60[0m:[93m64[0m - [91merror[0m[90m TS2345: [0mArgument of type '{ _count: { comentarios: number; }; autor: { nombre_completo: string; email: string; usuarioId: number; }; categoria: { categoriaId: number; nombre: string; }; } & { noticiaId: number; titulo: string; ... 8 more ...; categoriaId: number; }' is not assignable to parameter of type '{ noticia_id: number; }'.
  Property 'noticia_id' is missing in type '{ _count: { comentarios: number; }; autor: { nombre_completo: string; email: string; usuarioId: number; }; categoria: { categoriaId: number; nombre: string; }; } & { noticiaId: number; titulo: string; ... 8 more ...; categoriaId: number; }' but required in type '{ noticia_id: number; }'.

[7m60[0m       return noticias.map((noticia) => this.adjuntarReacciones(noticia));
[7m  [0m [91m                                                               ~~~~~~~[0m

  [96msrc/modulos/noticias/noticias.service.ts[0m:[93m21[0m:[93m42[0m
    [7m21[0m   private adjuntarReacciones<T extends { noticia_id: number }>(
    [7m  [0m [96m                                         ~~~~~~~~~~[0m
    'noticia_id' is declared here.
[96msrc/modulos/noticias/noticias.service.ts[0m:[93m64[0m:[93m47[0m - [91merror[0m[90m TS2551: [0mProperty 'noticia_id' does not exist on type '{ _count: { comentarios: number; }; autor: { nombre_completo: string; email: string; usuarioId: number; }; categoria: { categoriaId: number; nombre: string; }; } & { noticiaId: number; titulo: string; ... 8 more ...; categoriaId: number; }'. Did you mean 'noticiaId'?

[7m64[0m     const noticia_ids = noticias.map((n) => n.noticia_id);
[7m  [0m [91m                                              ~~~~~~~~~~[0m
[96msrc/modulos/noticias/noticias.service.ts[0m:[93m69[0m:[93m31[0m - [91merror[0m[90m TS2345: [0mArgument of type '{ _count: { comentarios: number; }; autor: { nombre_completo: string; email: string; usuarioId: number; }; categoria: { categoriaId: number; nombre: string; }; } & { noticiaId: number; titulo: string; ... 8 more ...; categoriaId: number; }' is not assignable to parameter of type '{ noticia_id: number; }'.
  Property 'noticia_id' is missing in type '{ _count: { comentarios: number; }; autor: { nombre_completo: string; email: string; usuarioId: number; }; categoria: { categoriaId: number; nombre: string; }; } & { noticiaId: number; titulo: string; ... 8 more ...; categoriaId: number; }' but required in type '{ noticia_id: number; }'.

[7m69[0m       this.adjuntarReacciones(noticia, conteos[noticia.noticia_id])
[7m  [0m [91m                              ~~~~~~~[0m

  [96msrc/modulos/noticias/noticias.service.ts[0m:[93m21[0m:[93m42[0m
    [7m21[0m   private adjuntarReacciones<T extends { noticia_id: number }>(
    [7m  [0m [96m                                         ~~~~~~~~~~[0m
    'noticia_id' is declared here.
[96msrc/modulos/noticias/noticias.service.ts[0m:[93m69[0m:[93m56[0m - [91merror[0m[90m TS2551: [0mProperty 'noticia_id' does not exist on type '{ _count: { comentarios: number; }; autor: { nombre_completo: string; email: string; usuarioId: number; }; categoria: { categoriaId: number; nombre: string; }; } & { noticiaId: number; titulo: string; ... 8 more ...; categoriaId: number; }'. Did you mean 'noticiaId'?

[7m69[0m       this.adjuntarReacciones(noticia, conteos[noticia.noticia_id])
[7m  [0m [91m                                                       ~~~~~~~~~~[0m
[96msrc/modulos/noticias/noticias.service.ts[0m:[93m85[0m:[93m38[0m - [91merror[0m[90m TS2345: [0mArgument of type '{ autor: { nombre_completo: string; email: string; usuarioId: number; rol: string; }; categoria: { categoriaId: number; nombre: string; }; comentarios: ({ usuario: { nombre_completo: string; usuarioId: number; }; respuestas: ({ ...; } & { ...; })[]; } & { ...; })[]; } & { ...; }' is not assignable to parameter of type '{ noticia_id: number; }'.
  Property 'noticia_id' is missing in type '{ autor: { nombre_completo: string; email: string; usuarioId: number; rol: string; }; categoria: { categoriaId: number; nombre: string; }; comentarios: ({ usuario: { nombre_completo: string; usuarioId: number; }; respuestas: ({ ...; } & { ...; })[]; } & { ...; })[]; } & { ...; }' but required in type '{ noticia_id: number; }'.

[7m85[0m       return this.adjuntarReacciones(noticia);
[7m  [0m [91m                                     ~~~~~~~[0m

  [96msrc/modulos/noticias/noticias.service.ts[0m:[93m21[0m:[93m42[0m
    [7m21[0m   private adjuntarReacciones<T extends { noticia_id: number }>(
    [7m  [0m [96m                                         ~~~~~~~~~~[0m
    'noticia_id' is declared here.
[96msrc/modulos/noticias/noticias.service.ts[0m:[93m225[0m:[93m64[0m - [91merror[0m[90m TS2345: [0mArgument of type '{ _count: { comentarios: number; }; autor: { nombre_completo: string; email: string; usuarioId: number; }; categoria: { categoriaId: number; nombre: string; }; } & { noticiaId: number; titulo: string; ... 8 more ...; categoriaId: number; }' is not assignable to parameter of type '{ noticia_id: number; }'.
  Property 'noticia_id' is missing in type '{ _count: { comentarios: number; }; autor: { nombre_completo: string; email: string; usuarioId: number; }; categoria: { categoriaId: number; nombre: string; }; } & { noticiaId: number; titulo: string; ... 8 more ...; categoriaId: number; }' but required in type '{ noticia_id: number; }'.

[7m225[0m       return noticias.map((noticia) => this.adjuntarReacciones(noticia));
[7m   [0m [91m                                                               ~~~~~~~[0m

  [96msrc/modulos/noticias/noticias.service.ts[0m:[93m21[0m:[93m42[0m
    [7m21[0m   private adjuntarReacciones<T extends { noticia_id: number }>(
    [7m  [0m [96m                                         ~~~~~~~~~~[0m
    'noticia_id' is declared here.
[96msrc/modulos/noticias/noticias.service.ts[0m:[93m229[0m:[93m47[0m - [91merror[0m[90m TS2551: [0mProperty 'noticia_id' does not exist on type '{ _count: { comentarios: number; }; autor: { nombre_completo: string; email: string; usuarioId: number; }; categoria: { categoriaId: number; nombre: string; }; } & { noticiaId: number; titulo: string; ... 8 more ...; categoriaId: number; }'. Did you mean 'noticiaId'?

[7m229[0m     const noticia_ids = noticias.map((n) => n.noticia_id);
[7m   [0m [91m                                              ~~~~~~~~~~[0m
[96msrc/modulos/noticias/noticias.service.ts[0m:[93m234[0m:[93m31[0m - [91merror[0m[90m TS2345: [0mArgument of type '{ _count: { comentarios: number; }; autor: { nombre_completo: string; email: string; usuarioId: number; }; categoria: { categoriaId: number; nombre: string; }; } & { noticiaId: number; titulo: string; ... 8 more ...; categoriaId: number; }' is not assignable to parameter of type '{ noticia_id: number; }'.
  Property 'noticia_id' is missing in type '{ _count: { comentarios: number; }; autor: { nombre_completo: string; email: string; usuarioId: number; }; categoria: { categoriaId: number; nombre: string; }; } & { noticiaId: number; titulo: string; ... 8 more ...; categoriaId: number; }' but required in type '{ noticia_id: number; }'.

[7m234[0m       this.adjuntarReacciones(noticia, conteos[noticia.noticia_id])
[7m   [0m [91m                              ~~~~~~~[0m

  [96msrc/modulos/noticias/noticias.service.ts[0m:[93m21[0m:[93m42[0m
    [7m21[0m   private adjuntarReacciones<T extends { noticia_id: number }>(
    [7m  [0m [96m                                         ~~~~~~~~~~[0m
    'noticia_id' is declared here.
[96msrc/modulos/noticias/noticias.service.ts[0m:[93m234[0m:[93m56[0m - [91merror[0m[90m TS2551: [0mProperty 'noticia_id' does not exist on type '{ _count: { comentarios: number; }; autor: { nombre_completo: string; email: string; usuarioId: number; }; categoria: { categoriaId: number; nombre: string; }; } & { noticiaId: number; titulo: string; ... 8 more ...; categoriaId: number; }'. Did you mean 'noticiaId'?

[7m234[0m       this.adjuntarReacciones(noticia, conteos[noticia.noticia_id])
[7m   [0m [91m                                                       ~~~~~~~~~~[0m
[96msrc/modulos/noticias/noticias.service.ts[0m:[93m247[0m:[93m64[0m - [91merror[0m[90m TS2345: [0mArgument of type '{ autor: { nombre_completo: string; usuarioId: number; }; categoria: { categoriaId: number; nombre: string; }; } & { noticiaId: number; titulo: string; extracto: string; contenido_noticia: string; ... 6 more ...; categoriaId: number; }' is not assignable to parameter of type '{ noticia_id: number; }'.
  Property 'noticia_id' is missing in type '{ autor: { nombre_completo: string; usuarioId: number; }; categoria: { categoriaId: number; nombre: string; }; } & { noticiaId: number; titulo: string; extracto: string; contenido_noticia: string; ... 6 more ...; categoriaId: number; }' but required in type '{ noticia_id: number; }'.

[7m247[0m       return noticias.map((noticia) => this.adjuntarReacciones(noticia));
[7m   [0m [91m                                                               ~~~~~~~[0m

  [96msrc/modulos/noticias/noticias.service.ts[0m:[93m21[0m:[93m42[0m
    [7m21[0m   private adjuntarReacciones<T extends { noticia_id: number }>(
    [7m  [0m [96m                                         ~~~~~~~~~~[0m
    'noticia_id' is declared here.
[96msrc/modulos/noticias/noticias.service.ts[0m:[93m250[0m:[93m47[0m - [91merror[0m[90m TS2551: [0mProperty 'noticia_id' does not exist on type '{ autor: { nombre_completo: string; usuarioId: number; }; categoria: { categoriaId: number; nombre: string; }; } & { noticiaId: number; titulo: string; extracto: string; contenido_noticia: string; ... 6 more ...; categoriaId: number; }'. Did you mean 'noticiaId'?

[7m250[0m     const noticia_ids = noticias.map((n) => n.noticia_id);
[7m   [0m [91m                                              ~~~~~~~~~~[0m
[96msrc/modulos/noticias/noticias.service.ts[0m:[93m254[0m:[93m31[0m - [91merror[0m[90m TS2345: [0mArgument of type '{ autor: { nombre_completo: string; usuarioId: number; }; categoria: { categoriaId: number; nombre: string; }; } & { noticiaId: number; titulo: string; extracto: string; contenido_noticia: string; ... 6 more ...; categoriaId: number; }' is not assignable to parameter of type '{ noticia_id: number; }'.
  Property 'noticia_id' is missing in type '{ autor: { nombre_completo: string; usuarioId: number; }; categoria: { categoriaId: number; nombre: string; }; } & { noticiaId: number; titulo: string; extracto: string; contenido_noticia: string; ... 6 more ...; categoriaId: number; }' but required in type '{ noticia_id: number; }'.

[7m254[0m       this.adjuntarReacciones(noticia, conteos[noticia.noticia_id])
[7m   [0m [91m                              ~~~~~~~[0m

  [96msrc/modulos/noticias/noticias.service.ts[0m:[93m21[0m:[93m42[0m
    [7m21[0m   private adjuntarReacciones<T extends { noticia_id: number }>(
    [7m  [0m [96m                                         ~~~~~~~~~~[0m
    'noticia_id' is declared here.
[96msrc/modulos/noticias/noticias.service.ts[0m:[93m254[0m:[93m56[0m - [91merror[0m[90m TS2551: [0mProperty 'noticia_id' does not exist on type '{ autor: { nombre_completo: string; usuarioId: number; }; categoria: { categoriaId: number; nombre: string; }; } & { noticiaId: number; titulo: string; extracto: string; contenido_noticia: string; ... 6 more ...; categoriaId: number; }'. Did you mean 'noticiaId'?

[7m254[0m       this.adjuntarReacciones(noticia, conteos[noticia.noticia_id])
[7m   [0m [91m                                                       ~~~~~~~~~~[0m

TSError: ⨯ Unable to compile TypeScript:
[96msrc/modulos/noticias/noticias.service.ts[0m:[93m60[0m:[93m64[0m - [91merror[0m[90m TS2345: [0mArgument of type '{ _count: { comentarios: number; }; autor: { nombre_completo: string; email: string; usuarioId: number; }; categoria: { categoriaId: number; nombre: string; }; } & { noticiaId: number; titulo: string; ... 8 more ...; categoriaId: number; }' is not assignable to parameter of type '{ noticia_id: number; }'.
  Property 'noticia_id' is missing in type '{ _count: { comentarios: number; }; autor: { nombre_completo: string; email: string; usuarioId: number; }; categoria: { categoriaId: number; nombre: string; }; } & { noticiaId: number; titulo: string; ... 8 more ...; categoriaId: number; }' but required in type '{ noticia_id: number; }'.

[7m60[0m       return noticias.map((noticia) => this.adjuntarReacciones(noticia));
[7m  [0m [91m                                                               ~~~~~~~[0m

  [96msrc/modulos/noticias/noticias.service.ts[0m:[93m21[0m:[93m42[0m
    [7m21[0m   private adjuntarReacciones<T extends { noticia_id: number }>(
    [7m  [0m [96m                                         ~~~~~~~~~~[0m
    'noticia_id' is declared here.
[96msrc/modulos/noticias/noticias.service.ts[0m:[93m64[0m:[93m47[0m - [91merror[0m[90m TS2551: [0mProperty 'noticia_id' does not exist on type '{ _count: { comentarios: number; }; autor: { nombre_completo: string; email: string; usuarioId: number; }; categoria: { categoriaId: number; nombre: string; }; } & { noticiaId: number; titulo: string; ... 8 more ...; categoriaId: number; }'. Did you mean 'noticiaId'?

[7m64[0m     const noticia_ids = noticias.map((n) => n.noticia_id);
[7m  [0m [91m                                              ~~~~~~~~~~[0m
[96msrc/modulos/noticias/noticias.service.ts[0m:[93m69[0m:[93m31[0m - [91merror[0m[90m TS2345: [0mArgument of type '{ _count: { comentarios: number; }; autor: { nombre_completo: string; email: string; usuarioId: number; }; categoria: { categoriaId: number; nombre: string; }; } & { noticiaId: number; titulo: string; ... 8 more ...; categoriaId: number; }' is not assignable to parameter of type '{ noticia_id: number; }'.
  Property 'noticia_id' is missing in type '{ _count: { comentarios: number; }; autor: { nombre_completo: string; email: string; usuarioId: number; }; categoria: { categoriaId: number; nombre: string; }; } & { noticiaId: number; titulo: string; ... 8 more ...; categoriaId: number; }' but required in type '{ noticia_id: number; }'.

[7m69[0m       this.adjuntarReacciones(noticia, conteos[noticia.noticia_id])
[7m  [0m [91m                              ~~~~~~~[0m

  [96msrc/modulos/noticias/noticias.service.ts[0m:[93m21[0m:[93m42[0m
    [7m21[0m   private adjuntarReacciones<T extends { noticia_id: number }>(
    [7m  [0m [96m                                         ~~~~~~~~~~[0m
    'noticia_id' is declared here.
[96msrc/modulos/noticias/noticias.service.ts[0m:[93m69[0m:[93m56[0m - [91merror[0m[90m TS2551: [0mProperty 'noticia_id' does not exist on type '{ _count: { comentarios: number; }; autor: { nombre_completo: string; email: string; usuarioId: number; }; categoria: { categoriaId: number; nombre: string; }; } & { noticiaId: number; titulo: string; ... 8 more ...; categoriaId: number; }'. Did you mean 'noticiaId'?

[7m69[0m       this.adjuntarReacciones(noticia, conteos[noticia.noticia_id])
[7m  [0m [91m                                                       ~~~~~~~~~~[0m
[96msrc/modulos/noticias/noticias.service.ts[0m:[93m85[0m:[93m38[0m - [91merror[0m[90m TS2345: [0mArgument of type '{ autor: { nombre_completo: string; email: string; usuarioId: number; rol: string; }; categoria: { categoriaId: number; nombre: string; }; comentarios: ({ usuario: { nombre_completo: string; usuarioId: number; }; respuestas: ({ ...; } & { ...; })[]; } & { ...; })[]; } & { ...; }' is not assignable to parameter of type '{ noticia_id: number; }'.
  Property 'noticia_id' is missing in type '{ autor: { nombre_completo: string; email: string; usuarioId: number; rol: string; }; categoria: { categoriaId: number; nombre: string; }; comentarios: ({ usuario: { nombre_completo: string; usuarioId: number; }; respuestas: ({ ...; } & { ...; })[]; } & { ...; })[]; } & { ...; }' but required in type '{ noticia_id: number; }'.

[7m85[0m       return this.adjuntarReacciones(noticia);
[7m  [0m [91m                                     ~~~~~~~[0m

  [96msrc/modulos/noticias/noticias.service.ts[0m:[93m21[0m:[93m42[0m
    [7m21[0m   private adjuntarReacciones<T extends { noticia_id: number }>(
    [7m  [0m [96m                                         ~~~~~~~~~~[0m
    'noticia_id' is declared here.
[96msrc/modulos/noticias/noticias.service.ts[0m:[93m225[0m:[93m64[0m - [91merror[0m[90m TS2345: [0mArgument of type '{ _count: { comentarios: number; }; autor: { nombre_completo: string; email: string; usuarioId: number; }; categoria: { categoriaId: number; nombre: string; }; } & { noticiaId: number; titulo: string; ... 8 more ...; categoriaId: number; }' is not assignable to parameter of type '{ noticia_id: number; }'.
  Property 'noticia_id' is missing in type '{ _count: { comentarios: number; }; autor: { nombre_completo: string; email: string; usuarioId: number; }; categoria: { categoriaId: number; nombre: string; }; } & { noticiaId: number; titulo: string; ... 8 more ...; categoriaId: number; }' but required in type '{ noticia_id: number; }'.

[7m225[0m       return noticias.map((noticia) => this.adjuntarReacciones(noticia));
[7m   [0m [91m                                                               ~~~~~~~[0m

  [96msrc/modulos/noticias/noticias.service.ts[0m:[93m21[0m:[93m42[0m
    [7m21[0m   private adjuntarReacciones<T extends { noticia_id: number }>(
    [7m  [0m [96m                                         ~~~~~~~~~~[0m
    'noticia_id' is declared here.
[96msrc/modulos/noticias/noticias.service.ts[0m:[93m229[0m:[93m47[0m - [91merror[0m[90m TS2551: [0mProperty 'noticia_id' does not exist on type '{ _count: { comentarios: number; }; autor: { nombre_completo: string; email: string; usuarioId: number; }; categoria: { categoriaId: number; nombre: string; }; } & { noticiaId: number; titulo: string; ... 8 more ...; categoriaId: number; }'. Did you mean 'noticiaId'?

[7m229[0m     const noticia_ids = noticias.map((n) => n.noticia_id);
[7m   [0m [91m                                              ~~~~~~~~~~[0m
[96msrc/modulos/noticias/noticias.service.ts[0m:[93m234[0m:[93m31[0m - [91merror[0m[90m TS2345: [0mArgument of type '{ _count: { comentarios: number; }; autor: { nombre_completo: string; email: string; usuarioId: number; }; categoria: { categoriaId: number; nombre: string; }; } & { noticiaId: number; titulo: string; ... 8 more ...; categoriaId: number; }' is not assignable to parameter of type '{ noticia_id: number; }'.
  Property 'noticia_id' is missing in type '{ _count: { comentarios: number; }; autor: { nombre_completo: string; email: string; usuarioId: number; }; categoria: { categoriaId: number; nombre: string; }; } & { noticiaId: number; titulo: string; ... 8 more ...; categoriaId: number; }' but required in type '{ noticia_id: number; }'.

[7m234[0m       this.adjuntarReacciones(noticia, conteos[noticia.noticia_id])
[7m   [0m [91m                              ~~~~~~~[0m

  [96msrc/modulos/noticias/noticias.service.ts[0m:[93m21[0m:[93m42[0m
    [7m21[0m   private adjuntarReacciones<T extends { noticia_id: number }>(
    [7m  [0m [96m                                         ~~~~~~~~~~[0m
    'noticia_id' is declared here.
[96msrc/modulos/noticias/noticias.service.ts[0m:[93m234[0m:[93m56[0m - [91merror[0m[90m TS2551: [0mProperty 'noticia_id' does not exist on type '{ _count: { comentarios: number; }; autor: { nombre_completo: string; email: string; usuarioId: number; }; categoria: { categoriaId: number; nombre: string; }; } & { noticiaId: number; titulo: string; ... 8 more ...; categoriaId: number; }'. Did you mean 'noticiaId'?

[7m234[0m       this.adjuntarReacciones(noticia, conteos[noticia.noticia_id])
[7m   [0m [91m                                                       ~~~~~~~~~~[0m
[96msrc/modulos/noticias/noticias.service.ts[0m:[93m247[0m:[93m64[0m - [91merror[0m[90m TS2345: [0mArgument of type '{ autor: { nombre_completo: string; usuarioId: number; }; categoria: { categoriaId: number; nombre: string; }; } & { noticiaId: number; titulo: string; extracto: string; contenido_noticia: string; ... 6 more ...; categoriaId: number; }' is not assignable to parameter of type '{ noticia_id: number; }'.
  Property 'noticia_id' is missing in type '{ autor: { nombre_completo: string; usuarioId: number; }; categoria: { categoriaId: number; nombre: string; }; } & { noticiaId: number; titulo: string; extracto: string; contenido_noticia: string; ... 6 more ...; categoriaId: number; }' but required in type '{ noticia_id: number; }'.

[7m247[0m       return noticias.map((noticia) => this.adjuntarReacciones(noticia));
[7m   [0m [91m                                                               ~~~~~~~[0m

  [96msrc/modulos/noticias/noticias.service.ts[0m:[93m21[0m:[93m42[0m
    [7m21[0m   private adjuntarReacciones<T extends { noticia_id: number }>(
    [7m  [0m [96m                                         ~~~~~~~~~~[0m
    'noticia_id' is declared here.
[96msrc/modulos/noticias/noticias.service.ts[0m:[93m250[0m:[93m47[0m - [91merror[0m[90m TS2551: [0mProperty 'noticia_id' does not exist on type '{ autor: { nombre_completo: string; usuarioId: number; }; categoria: { categoriaId: number; nombre: string; }; } & { noticiaId: number; titulo: string; extracto: string; contenido_noticia: string; ... 6 more ...; categoriaId: number; }'. Did you mean 'noticiaId'?

[7m250[0m     const noticia_ids = noticias.map((n) => n.noticia_id);
[7m   [0m [91m                                              ~~~~~~~~~~[0m
[96msrc/modulos/noticias/noticias.service.ts[0m:[93m254[0m:[93m31[0m - [91merror[0m[90m TS2345: [0mArgument of type '{ autor: { nombre_completo: string; usuarioId: number; }; categoria: { categoriaId: number; nombre: string; }; } & { noticiaId: number; titulo: string; extracto: string; contenido_noticia: string; ... 6 more ...; categoriaId: number; }' is not assignable to parameter of type '{ noticia_id: number; }'.
  Property 'noticia_id' is missing in type '{ autor: { nombre_completo: string; usuarioId: number; }; categoria: { categoriaId: number; nombre: string; }; } & { noticiaId: number; titulo: string; extracto: string; contenido_noticia: string; ... 6 more ...; categoriaId: number; }' but required in type '{ noticia_id: number; }'.

[7m254[0m       this.adjuntarReacciones(noticia, conteos[noticia.noticia_id])
[7m   [0m [91m                              ~~~~~~~[0m

  [96msrc/modulos/noticias/noticias.service.ts[0m:[93m21[0m:[93m42[0m
    [7m21[0m   private adjuntarReacciones<T extends { noticia_id: number }>(
    [7m  [0m [96m                                         ~~~~~~~~~~[0m
    'noticia_id' is declared here.
[96msrc/modulos/noticias/noticias.service.ts[0m:[93m254[0m:[93m56[0m - [91merror[0m[90m TS2551: [0mProperty 'noticia_id' does not exist on type '{ autor: { nombre_completo: string; usuarioId: number; }; categoria: { categoriaId: number; nombre: string; }; } & { noticiaId: number; titulo: string; extracto: string; contenido_noticia: string; ... 6 more ...; categoriaId: number; }'. Did you mean 'noticiaId'?

[7m254[0m       this.adjuntarReacciones(noticia, conteos[noticia.noticia_id])
[7m   [0m [91m                                                       ~~~~~~~~~~[0m

    at createTSError (D:\aneupi-tv-backend\node_modules\ts-node\src\index.ts:859:12)
    at reportTSError (D:\aneupi-tv-backend\node_modules\ts-node\src\index.ts:863:19)
    at getOutput (D:\aneupi-tv-backend\node_modules\ts-node\src\index.ts:1077:36)
    at Object.compile (D:\aneupi-tv-backend\node_modules\ts-node\src\index.ts:1433:41)
    at Module.m._compile (D:\aneupi-tv-backend\node_modules\ts-node\src\index.ts:1617:30)
    at node:internal/modules/cjs/loader:1895:10
    at Object.require.extensions.<computed> [as .ts] (D:\aneupi-tv-backend\node_modules\ts-node\src\index.ts:1621:12)
    at Module.load (node:internal/modules/cjs/loader:1465:32)
    at Function._load (node:internal/modules/cjs/loader:1282:12)
    at TracingChannel.traceSync (node:diagnostics_channel:322:14)
2025-11-15 22:45:54 error: 	uncaughtException: ⨯ Unable to compile TypeScript:
[96msrc/modulos/articulos/articulos.repository.ts[0m:[93m21[0m:[93m9[0m - [91merror[0m[90m TS2561: [0mObject literal may only specify known properties, but 'autor_id' does not exist in type 'Without<ArticuloCreateInput, ArticuloUncheckedCreateInput> & ArticuloUncheckedCreateInput'. Did you mean to write 'autorId'?

[7m21[0m         autor_id: data.autor_id,
[7m  [0m [91m        ~~~~~~~~[0m

  [96mnode_modules/.prisma/client/index.d.ts[0m:[93m7028[0m:[93m5[0m
    [7m7028[0m     data: XOR<ArticuloCreateInput, ArticuloUncheckedCreateInput>
    [7m    [0m [96m    ~~~~[0m
    The expected type comes from property 'data' which is declared here on type '{ select?: ArticuloSelect<DefaultArgs> | null | undefined; omit?: ArticuloOmit<DefaultArgs> | null | undefined; include?: ArticuloInclude<...> | ... 1 more ... | undefined; data: (Without<...> & ArticuloUncheckedCreateInput) | (Without<...> & ArticuloCreateInput); }'
[96msrc/modulos/articulos/articulos.repository.ts[0m:[93m28[0m:[93m13[0m - [91merror[0m[90m TS2561: [0mObject literal may only specify known properties, but 'usuario_id' does not exist in type 'UsuarioSelect<DefaultArgs>'. Did you mean to write 'usuarioId'?

[7m28[0m             usuario_id: true,
[7m  [0m [91m            ~~~~~~~~~~[0m
[96msrc/modulos/articulos/articulos.repository.ts[0m:[93m46[0m:[93m13[0m - [91merror[0m[90m TS2551: [0mProperty 'autor_id' does not exist on type 'ArticuloWhereInput'. Did you mean 'autorId'?

[7m46[0m       where.autor_id = filtros.autor_id;
[7m  [0m [91m            ~~~~~~~~[0m

  [96mnode_modules/.prisma/client/index.d.ts[0m:[93m17431[0m:[93m5[0m
    [7m17431[0m     autorId?: IntFilter<"Articulo"> | number
    [7m     [0m [96m    ~~~~~~~[0m
    'autorId' is declared here.
[96msrc/modulos/articulos/articulos.repository.ts[0m:[93m66[0m:[93m13[0m - [91merror[0m[90m TS2561: [0mObject literal may only specify known properties, but 'usuario_id' does not exist in type 'UsuarioSelect<DefaultArgs>'. Did you mean to write 'usuarioId'?

[7m66[0m             usuario_id: true,
[7m  [0m [91m            ~~~~~~~~~~[0m
[96msrc/modulos/articulos/articulos.repository.ts[0m:[93m81[0m:[93m9[0m - [91merror[0m[90m TS2353: [0mObject literal may only specify known properties, and 'fecha_publicacion' does not exist in type 'ArticuloOrderByWithRelationInput | ArticuloOrderByWithRelationInput[]'.

[7m81[0m         fecha_publicacion: filtros.orderBy || 'desc',
[7m  [0m [91m        ~~~~~~~~~~~~~~~~~[0m
[96msrc/modulos/articulos/articulos.repository.ts[0m:[93m88[0m:[93m16[0m - [91merror[0m[90m TS2561: [0mObject literal may only specify known properties, but 'articulo_id' does not exist in type 'ArticuloWhereUniqueInput'. Did you mean to write 'articuloId'?

[7m88[0m       where: { articulo_id: id },
[7m  [0m [91m               ~~~~~~~~~~~[0m

  [96mnode_modules/.prisma/client/index.d.ts[0m:[93m6833[0m:[93m5[0m
    [7m6833[0m     where: ArticuloWhereUniqueInput
    [7m    [0m [96m    ~~~~~[0m
    The expected type comes from property 'where' which is declared here on type '{ select?: ArticuloSelect<DefaultArgs> | null | undefined; omit?: ArticuloOmit<DefaultArgs> | null | undefined; include?: ArticuloInclude<...> | ... 1 more ... | undefined; where: ArticuloWhereUniqueInput; }'
[96msrc/modulos/articulos/articulos.repository.ts[0m:[93m92[0m:[93m13[0m - [91merror[0m[90m TS2561: [0mObject literal may only specify known properties, but 'usuario_id' does not exist in type 'UsuarioSelect<DefaultArgs>'. Did you mean to write 'usuarioId'?

[7m92[0m             usuario_id: true,
[7m  [0m [91m            ~~~~~~~~~~[0m
[96msrc/modulos/articulos/articulos.repository.ts[0m:[93m105[0m:[93m16[0m - [91merror[0m[90m TS2561: [0mObject literal may only specify known properties, but 'articulo_id' does not exist in type 'ArticuloWhereUniqueInput'. Did you mean to write 'articuloId'?

[7m105[0m       where: { articulo_id: id },
[7m   [0m [91m               ~~~~~~~~~~~[0m

  [96mnode_modules/.prisma/client/index.d.ts[0m:[93m7088[0m:[93m5[0m
    [7m7088[0m     where: ArticuloWhereUniqueInput
    [7m    [0m [96m    ~~~~~[0m
    The expected type comes from property 'where' which is declared here on type '{ select?: ArticuloSelect<DefaultArgs> | null | undefined; omit?: ArticuloOmit<DefaultArgs> | null | undefined; include?: ArticuloInclude<...> | ... 1 more ... | undefined; data: (Without<...> & ArticuloUncheckedUpdateInput) | (Without<...> & ArticuloUpdateInput); where: ArticuloWhereUniqueInput; }'
[96msrc/modulos/articulos/articulos.repository.ts[0m:[93m110[0m:[93m13[0m - [91merror[0m[90m TS2561: [0mObject literal may only specify known properties, but 'usuario_id' does not exist in type 'UsuarioSelect<DefaultArgs>'. Did you mean to write 'usuarioId'?

[7m110[0m             usuario_id: true,
[7m   [0m [91m            ~~~~~~~~~~[0m
[96msrc/modulos/articulos/articulos.repository.ts[0m:[93m122[0m:[93m16[0m - [91merror[0m[90m TS2561: [0mObject literal may only specify known properties, but 'articulo_id' does not exist in type 'ArticuloWhereUniqueInput'. Did you mean to write 'articuloId'?

[7m122[0m       where: { articulo_id: id },
[7m   [0m [91m               ~~~~~~~~~~~[0m

  [96mnode_modules/.prisma/client/index.d.ts[0m:[93m7188[0m:[93m5[0m
    [7m7188[0m     where: ArticuloWhereUniqueInput
    [7m    [0m [96m    ~~~~~[0m
    The expected type comes from property 'where' which is declared here on type '{ select?: ArticuloSelect<DefaultArgs> | null | undefined; omit?: ArticuloOmit<DefaultArgs> | null | undefined; include?: ArticuloInclude<...> | ... 1 more ... | undefined; where: ArticuloWhereUniqueInput; }'
[96msrc/modulos/articulos/articulos.repository.ts[0m:[93m128[0m:[93m16[0m - [91merror[0m[90m TS2561: [0mObject literal may only specify known properties, but 'articulo_id' does not exist in type 'ArticuloWhereUniqueInput'. Did you mean to write 'articuloId'?

[7m128[0m       where: { articulo_id: id },
[7m   [0m [91m               ~~~~~~~~~~~[0m

  [96mnode_modules/.prisma/client/index.d.ts[0m:[93m7088[0m:[93m5[0m
    [7m7088[0m     where: ArticuloWhereUniqueInput
    [7m    [0m [96m    ~~~~~[0m
    The expected type comes from property 'where' which is declared here on type '{ select?: ArticuloSelect<DefaultArgs> | null | undefined; omit?: ArticuloOmit<DefaultArgs> | null | undefined; include?: ArticuloInclude<...> | ... 1 more ... | undefined; data: (Without<...> & ArticuloUncheckedUpdateInput) | (Without<...> & ArticuloUpdateInput); where: ArticuloWhereUniqueInput; }'
[96msrc/modulos/articulos/articulos.repository.ts[0m:[93m133[0m:[93m13[0m - [91merror[0m[90m TS2561: [0mObject literal may only specify known properties, but 'usuario_id' does not exist in type 'UsuarioSelect<DefaultArgs>'. Did you mean to write 'usuarioId'?

[7m133[0m             usuario_id: true,
[7m   [0m [91m            ~~~~~~~~~~[0m
[96msrc/modulos/articulos/articulos.repository.ts[0m:[93m145[0m:[93m16[0m - [91merror[0m[90m TS2561: [0mObject literal may only specify known properties, but 'articulo_id' does not exist in type 'ArticuloWhereUniqueInput'. Did you mean to write 'articuloId'?

[7m145[0m       where: { articulo_id: id },
[7m   [0m [91m               ~~~~~~~~~~~[0m

  [96mnode_modules/.prisma/client/index.d.ts[0m:[93m7088[0m:[93m5[0m
    [7m7088[0m     where: ArticuloWhereUniqueInput
    [7m    [0m [96m    ~~~~~[0m
    The expected type comes from property 'where' which is declared here on type '{ select?: ArticuloSelect<DefaultArgs> | null | undefined; omit?: ArticuloOmit<DefaultArgs> | null | undefined; include?: ArticuloInclude<...> | ... 1 more ... | undefined; data: (Without<...> & ArticuloUncheckedUpdateInput) | (Without<...> & ArticuloUpdateInput); where: ArticuloWhereUniqueInput; }'
[96msrc/modulos/articulos/articulos.repository.ts[0m:[93m156[0m:[93m16[0m - [91merror[0m[90m TS2561: [0mObject literal may only specify known properties, but 'articulo_id' does not exist in type 'ArticuloWhereUniqueInput'. Did you mean to write 'articuloId'?

[7m156[0m       where: { articulo_id: id },
[7m   [0m [91m               ~~~~~~~~~~~[0m

  [96mnode_modules/.prisma/client/index.d.ts[0m:[93m7088[0m:[93m5[0m
    [7m7088[0m     where: ArticuloWhereUniqueInput
    [7m    [0m [96m    ~~~~~[0m
    The expected type comes from property 'where' which is declared here on type '{ select?: ArticuloSelect<DefaultArgs> | null | undefined; omit?: ArticuloOmit<DefaultArgs> | null | undefined; include?: ArticuloInclude<...> | ... 1 more ... | undefined; data: (Without<...> & ArticuloUncheckedUpdateInput) | (Without<...> & ArticuloUpdateInput); where: ArticuloWhereUniqueInput; }'
[96msrc/modulos/articulos/articulos.repository.ts[0m:[93m161[0m:[93m13[0m - [91merror[0m[90m TS2561: [0mObject literal may only specify known properties, but 'usuario_id' does not exist in type 'UsuarioSelect<DefaultArgs>'. Did you mean to write 'usuarioId'?

[7m161[0m             usuario_id: true,
[7m   [0m [91m            ~~~~~~~~~~[0m
[96msrc/modulos/articulos/articulos.repository.ts[0m:[93m180[0m:[93m13[0m - [91merror[0m[90m TS2561: [0mObject literal may only specify known properties, but 'usuario_id' does not exist in type 'UsuarioSelect<DefaultArgs>'. Did you mean to write 'usuarioId'?

[7m180[0m             usuario_id: true,
[7m   [0m [91m            ~~~~~~~~~~[0m
[96msrc/modulos/articulos/articulos.repository.ts[0m:[93m191[0m:[93m16[0m - [91merror[0m[90m TS2561: [0mObject literal may only specify known properties, but 'articulo_id' does not exist in type 'ArticuloWhereUniqueInput'. Did you mean to write 'articuloId'?

[7m191[0m       where: { articulo_id: id },
[7m   [0m [91m               ~~~~~~~~~~~[0m

  [96mnode_modules/.prisma/client/index.d.ts[0m:[93m7088[0m:[93m5[0m
    [7m7088[0m     where: ArticuloWhereUniqueInput
    [7m    [0m [96m    ~~~~~[0m
    The expected type comes from property 'where' which is declared here on type '{ select?: ArticuloSelect<DefaultArgs> | null | undefined; omit?: ArticuloOmit<DefaultArgs> | null | undefined; include?: ArticuloInclude<...> | ... 1 more ... | undefined; data: (Without<...> & ArticuloUncheckedUpdateInput) | (Without<...> & ArticuloUpdateInput); where: ArticuloWhereUniqueInput; }'
[96msrc/modulos/articulos/articulos.repository.ts[0m:[93m198[0m:[93m13[0m - [91merror[0m[90m TS2561: [0mObject literal may only specify known properties, but 'usuario_id' does not exist in type 'UsuarioSelect<DefaultArgs>'. Did you mean to write 'usuarioId'?

[7m198[0m             usuario_id: true,
[7m   [0m [91m            ~~~~~~~~~~[0m
[96msrc/modulos/articulos/articulos.repository.ts[0m:[93m210[0m:[93m16[0m - [91merror[0m[90m TS2561: [0mObject literal may only specify known properties, but 'articulo_id' does not exist in type 'ArticuloWhereUniqueInput'. Did you mean to write 'articuloId'?

[7m210[0m       where: { articulo_id: id },
[7m   [0m [91m               ~~~~~~~~~~~[0m

  [96mnode_modules/.prisma/client/index.d.ts[0m:[93m7088[0m:[93m5[0m
    [7m7088[0m     where: ArticuloWhereUniqueInput
    [7m    [0m [96m    ~~~~~[0m
    The expected type comes from property 'where' which is declared here on type '{ select?: ArticuloSelect<DefaultArgs> | null | undefined; omit?: ArticuloOmit<DefaultArgs> | null | undefined; include?: ArticuloInclude<...> | ... 1 more ... | undefined; data: (Without<...> & ArticuloUncheckedUpdateInput) | (Without<...> & ArticuloUpdateInput); where: ArticuloWhereUniqueInput; }'
[96msrc/modulos/articulos/articulos.repository.ts[0m:[93m219[0m:[93m13[0m - [91merror[0m[90m TS2561: [0mObject literal may only specify known properties, but 'usuario_id' does not exist in type 'UsuarioSelect<DefaultArgs>'. Did you mean to write 'usuarioId'?

[7m219[0m             usuario_id: true,
[7m   [0m [91m            ~~~~~~~~~~[0m

TSError: ⨯ Unable to compile TypeScript:
[96msrc/modulos/articulos/articulos.repository.ts[0m:[93m21[0m:[93m9[0m - [91merror[0m[90m TS2561: [0mObject literal may only specify known properties, but 'autor_id' does not exist in type 'Without<ArticuloCreateInput, ArticuloUncheckedCreateInput> & ArticuloUncheckedCreateInput'. Did you mean to write 'autorId'?

[7m21[0m         autor_id: data.autor_id,
[7m  [0m [91m        ~~~~~~~~[0m

  [96mnode_modules/.prisma/client/index.d.ts[0m:[93m7028[0m:[93m5[0m
    [7m7028[0m     data: XOR<ArticuloCreateInput, ArticuloUncheckedCreateInput>
    [7m    [0m [96m    ~~~~[0m
    The expected type comes from property 'data' which is declared here on type '{ select?: ArticuloSelect<DefaultArgs> | null | undefined; omit?: ArticuloOmit<DefaultArgs> | null | undefined; include?: ArticuloInclude<...> | ... 1 more ... | undefined; data: (Without<...> & ArticuloUncheckedCreateInput) | (Without<...> & ArticuloCreateInput); }'
[96msrc/modulos/articulos/articulos.repository.ts[0m:[93m28[0m:[93m13[0m - [91merror[0m[90m TS2561: [0mObject literal may only specify known properties, but 'usuario_id' does not exist in type 'UsuarioSelect<DefaultArgs>'. Did you mean to write 'usuarioId'?

[7m28[0m             usuario_id: true,
[7m  [0m [91m            ~~~~~~~~~~[0m
[96msrc/modulos/articulos/articulos.repository.ts[0m:[93m46[0m:[93m13[0m - [91merror[0m[90m TS2551: [0mProperty 'autor_id' does not exist on type 'ArticuloWhereInput'. Did you mean 'autorId'?

[7m46[0m       where.autor_id = filtros.autor_id;
[7m  [0m [91m            ~~~~~~~~[0m

  [96mnode_modules/.prisma/client/index.d.ts[0m:[93m17431[0m:[93m5[0m
    [7m17431[0m     autorId?: IntFilter<"Articulo"> | number
    [7m     [0m [96m    ~~~~~~~[0m
    'autorId' is declared here.
[96msrc/modulos/articulos/articulos.repository.ts[0m:[93m66[0m:[93m13[0m - [91merror[0m[90m TS2561: [0mObject literal may only specify known properties, but 'usuario_id' does not exist in type 'UsuarioSelect<DefaultArgs>'. Did you mean to write 'usuarioId'?

[7m66[0m             usuario_id: true,
[7m  [0m [91m            ~~~~~~~~~~[0m
[96msrc/modulos/articulos/articulos.repository.ts[0m:[93m81[0m:[93m9[0m - [91merror[0m[90m TS2353: [0mObject literal may only specify known properties, and 'fecha_publicacion' does not exist in type 'ArticuloOrderByWithRelationInput | ArticuloOrderByWithRelationInput[]'.

[7m81[0m         fecha_publicacion: filtros.orderBy || 'desc',
[7m  [0m [91m        ~~~~~~~~~~~~~~~~~[0m
[96msrc/modulos/articulos/articulos.repository.ts[0m:[93m88[0m:[93m16[0m - [91merror[0m[90m TS2561: [0mObject literal may only specify known properties, but 'articulo_id' does not exist in type 'ArticuloWhereUniqueInput'. Did you mean to write 'articuloId'?

[7m88[0m       where: { articulo_id: id },
[7m  [0m [91m               ~~~~~~~~~~~[0m

  [96mnode_modules/.prisma/client/index.d.ts[0m:[93m6833[0m:[93m5[0m
    [7m6833[0m     where: ArticuloWhereUniqueInput
    [7m    [0m [96m    ~~~~~[0m
    The expected type comes from property 'where' which is declared here on type '{ select?: ArticuloSelect<DefaultArgs> | null | undefined; omit?: ArticuloOmit<DefaultArgs> | null | undefined; include?: ArticuloInclude<...> | ... 1 more ... | undefined; where: ArticuloWhereUniqueInput; }'
[96msrc/modulos/articulos/articulos.repository.ts[0m:[93m92[0m:[93m13[0m - [91merror[0m[90m TS2561: [0mObject literal may only specify known properties, but 'usuario_id' does not exist in type 'UsuarioSelect<DefaultArgs>'. Did you mean to write 'usuarioId'?

[7m92[0m             usuario_id: true,
[7m  [0m [91m            ~~~~~~~~~~[0m
[96msrc/modulos/articulos/articulos.repository.ts[0m:[93m105[0m:[93m16[0m - [91merror[0m[90m TS2561: [0mObject literal may only specify known properties, but 'articulo_id' does not exist in type 'ArticuloWhereUniqueInput'. Did you mean to write 'articuloId'?

[7m105[0m       where: { articulo_id: id },
[7m   [0m [91m               ~~~~~~~~~~~[0m

  [96mnode_modules/.prisma/client/index.d.ts[0m:[93m7088[0m:[93m5[0m
    [7m7088[0m     where: ArticuloWhereUniqueInput
    [7m    [0m [96m    ~~~~~[0m
    The expected type comes from property 'where' which is declared here on type '{ select?: ArticuloSelect<DefaultArgs> | null | undefined; omit?: ArticuloOmit<DefaultArgs> | null | undefined; include?: ArticuloInclude<...> | ... 1 more ... | undefined; data: (Without<...> & ArticuloUncheckedUpdateInput) | (Without<...> & ArticuloUpdateInput); where: ArticuloWhereUniqueInput; }'
[96msrc/modulos/articulos/articulos.repository.ts[0m:[93m110[0m:[93m13[0m - [91merror[0m[90m TS2561: [0mObject literal may only specify known properties, but 'usuario_id' does not exist in type 'UsuarioSelect<DefaultArgs>'. Did you mean to write 'usuarioId'?

[7m110[0m             usuario_id: true,
[7m   [0m [91m            ~~~~~~~~~~[0m
[96msrc/modulos/articulos/articulos.repository.ts[0m:[93m122[0m:[93m16[0m - [91merror[0m[90m TS2561: [0mObject literal may only specify known properties, but 'articulo_id' does not exist in type 'ArticuloWhereUniqueInput'. Did you mean to write 'articuloId'?

[7m122[0m       where: { articulo_id: id },
[7m   [0m [91m               ~~~~~~~~~~~[0m

  [96mnode_modules/.prisma/client/index.d.ts[0m:[93m7188[0m:[93m5[0m
    [7m7188[0m     where: ArticuloWhereUniqueInput
    [7m    [0m [96m    ~~~~~[0m
    The expected type comes from property 'where' which is declared here on type '{ select?: ArticuloSelect<DefaultArgs> | null | undefined; omit?: ArticuloOmit<DefaultArgs> | null | undefined; include?: ArticuloInclude<...> | ... 1 more ... | undefined; where: ArticuloWhereUniqueInput; }'
[96msrc/modulos/articulos/articulos.repository.ts[0m:[93m128[0m:[93m16[0m - [91merror[0m[90m TS2561: [0mObject literal may only specify known properties, but 'articulo_id' does not exist in type 'ArticuloWhereUniqueInput'. Did you mean to write 'articuloId'?

[7m128[0m       where: { articulo_id: id },
[7m   [0m [91m               ~~~~~~~~~~~[0m

  [96mnode_modules/.prisma/client/index.d.ts[0m:[93m7088[0m:[93m5[0m
    [7m7088[0m     where: ArticuloWhereUniqueInput
    [7m    [0m [96m    ~~~~~[0m
    The expected type comes from property 'where' which is declared here on type '{ select?: ArticuloSelect<DefaultArgs> | null | undefined; omit?: ArticuloOmit<DefaultArgs> | null | undefined; include?: ArticuloInclude<...> | ... 1 more ... | undefined; data: (Without<...> & ArticuloUncheckedUpdateInput) | (Without<...> & ArticuloUpdateInput); where: ArticuloWhereUniqueInput; }'
[96msrc/modulos/articulos/articulos.repository.ts[0m:[93m133[0m:[93m13[0m - [91merror[0m[90m TS2561: [0mObject literal may only specify known properties, but 'usuario_id' does not exist in type 'UsuarioSelect<DefaultArgs>'. Did you mean to write 'usuarioId'?

[7m133[0m             usuario_id: true,
[7m   [0m [91m            ~~~~~~~~~~[0m
[96msrc/modulos/articulos/articulos.repository.ts[0m:[93m145[0m:[93m16[0m - [91merror[0m[90m TS2561: [0mObject literal may only specify known properties, but 'articulo_id' does not exist in type 'ArticuloWhereUniqueInput'. Did you mean to write 'articuloId'?

[7m145[0m       where: { articulo_id: id },
[7m   [0m [91m               ~~~~~~~~~~~[0m

  [96mnode_modules/.prisma/client/index.d.ts[0m:[93m7088[0m:[93m5[0m
    [7m7088[0m     where: ArticuloWhereUniqueInput
    [7m    [0m [96m    ~~~~~[0m
    The expected type comes from property 'where' which is declared here on type '{ select?: ArticuloSelect<DefaultArgs> | null | undefined; omit?: ArticuloOmit<DefaultArgs> | null | undefined; include?: ArticuloInclude<...> | ... 1 more ... | undefined; data: (Without<...> & ArticuloUncheckedUpdateInput) | (Without<...> & ArticuloUpdateInput); where: ArticuloWhereUniqueInput; }'
[96msrc/modulos/articulos/articulos.repository.ts[0m:[93m156[0m:[93m16[0m - [91merror[0m[90m TS2561: [0mObject literal may only specify known properties, but 'articulo_id' does not exist in type 'ArticuloWhereUniqueInput'. Did you mean to write 'articuloId'?

[7m156[0m       where: { articulo_id: id },
[7m   [0m [91m               ~~~~~~~~~~~[0m

  [96mnode_modules/.prisma/client/index.d.ts[0m:[93m7088[0m:[93m5[0m
    [7m7088[0m     where: ArticuloWhereUniqueInput
    [7m    [0m [96m    ~~~~~[0m
    The expected type comes from property 'where' which is declared here on type '{ select?: ArticuloSelect<DefaultArgs> | null | undefined; omit?: ArticuloOmit<DefaultArgs> | null | undefined; include?: ArticuloInclude<...> | ... 1 more ... | undefined; data: (Without<...> & ArticuloUncheckedUpdateInput) | (Without<...> & ArticuloUpdateInput); where: ArticuloWhereUniqueInput; }'
[96msrc/modulos/articulos/articulos.repository.ts[0m:[93m161[0m:[93m13[0m - [91merror[0m[90m TS2561: [0mObject literal may only specify known properties, but 'usuario_id' does not exist in type 'UsuarioSelect<DefaultArgs>'. Did you mean to write 'usuarioId'?

[7m161[0m             usuario_id: true,
[7m   [0m [91m            ~~~~~~~~~~[0m
[96msrc/modulos/articulos/articulos.repository.ts[0m:[93m180[0m:[93m13[0m - [91merror[0m[90m TS2561: [0mObject literal may only specify known properties, but 'usuario_id' does not exist in type 'UsuarioSelect<DefaultArgs>'. Did you mean to write 'usuarioId'?

[7m180[0m             usuario_id: true,
[7m   [0m [91m            ~~~~~~~~~~[0m
[96msrc/modulos/articulos/articulos.repository.ts[0m:[93m191[0m:[93m16[0m - [91merror[0m[90m TS2561: [0mObject literal may only specify known properties, but 'articulo_id' does not exist in type 'ArticuloWhereUniqueInput'. Did you mean to write 'articuloId'?

[7m191[0m       where: { articulo_id: id },
[7m   [0m [91m               ~~~~~~~~~~~[0m

  [96mnode_modules/.prisma/client/index.d.ts[0m:[93m7088[0m:[93m5[0m
    [7m7088[0m     where: ArticuloWhereUniqueInput
    [7m    [0m [96m    ~~~~~[0m
    The expected type comes from property 'where' which is declared here on type '{ select?: ArticuloSelect<DefaultArgs> | null | undefined; omit?: ArticuloOmit<DefaultArgs> | null | undefined; include?: ArticuloInclude<...> | ... 1 more ... | undefined; data: (Without<...> & ArticuloUncheckedUpdateInput) | (Without<...> & ArticuloUpdateInput); where: ArticuloWhereUniqueInput; }'
[96msrc/modulos/articulos/articulos.repository.ts[0m:[93m198[0m:[93m13[0m - [91merror[0m[90m TS2561: [0mObject literal may only specify known properties, but 'usuario_id' does not exist in type 'UsuarioSelect<DefaultArgs>'. Did you mean to write 'usuarioId'?

[7m198[0m             usuario_id: true,
[7m   [0m [91m            ~~~~~~~~~~[0m
[96msrc/modulos/articulos/articulos.repository.ts[0m:[93m210[0m:[93m16[0m - [91merror[0m[90m TS2561: [0mObject literal may only specify known properties, but 'articulo_id' does not exist in type 'ArticuloWhereUniqueInput'. Did you mean to write 'articuloId'?

[7m210[0m       where: { articulo_id: id },
[7m   [0m [91m               ~~~~~~~~~~~[0m

  [96mnode_modules/.prisma/client/index.d.ts[0m:[93m7088[0m:[93m5[0m
    [7m7088[0m     where: ArticuloWhereUniqueInput
    [7m    [0m [96m    ~~~~~[0m
    The expected type comes from property 'where' which is declared here on type '{ select?: ArticuloSelect<DefaultArgs> | null | undefined; omit?: ArticuloOmit<DefaultArgs> | null | undefined; include?: ArticuloInclude<...> | ... 1 more ... | undefined; data: (Without<...> & ArticuloUncheckedUpdateInput) | (Without<...> & ArticuloUpdateInput); where: ArticuloWhereUniqueInput; }'
[96msrc/modulos/articulos/articulos.repository.ts[0m:[93m219[0m:[93m13[0m - [91merror[0m[90m TS2561: [0mObject literal may only specify known properties, but 'usuario_id' does not exist in type 'UsuarioSelect<DefaultArgs>'. Did you mean to write 'usuarioId'?

[7m219[0m             usuario_id: true,
[7m   [0m [91m            ~~~~~~~~~~[0m

    at createTSError (D:\aneupi-tv-backend\node_modules\ts-node\src\index.ts:859:12)
    at reportTSError (D:\aneupi-tv-backend\node_modules\ts-node\src\index.ts:863:19)
    at getOutput (D:\aneupi-tv-backend\node_modules\ts-node\src\index.ts:1077:36)
    at Object.compile (D:\aneupi-tv-backend\node_modules\ts-node\src\index.ts:1433:41)
    at Module.m._compile (D:\aneupi-tv-backend\node_modules\ts-node\src\index.ts:1617:30)
    at node:internal/modules/cjs/loader:1895:10
    at Object.require.extensions.<computed> [as .ts] (D:\aneupi-tv-backend\node_modules\ts-node\src\index.ts:1621:12)
    at Module.load (node:internal/modules/cjs/loader:1465:32)
    at Function._load (node:internal/modules/cjs/loader:1282:12)
    at TracingChannel.traceSync (node:diagnostics_channel:322:14)
2025-11-15 22:55:39 error: 	uncaughtException: ⨯ Unable to compile TypeScript:
[96msrc/modulos/articulos/articulos.repository.ts[0m:[93m21[0m:[93m9[0m - [91merror[0m[90m TS2561: [0mObject literal may only specify known properties, but 'autor_id' does not exist in type 'Without<ArticuloCreateInput, ArticuloUncheckedCreateInput> & ArticuloUncheckedCreateInput'. Did you mean to write 'autorId'?

[7m21[0m         autor_id: data.autor_id,
[7m  [0m [91m        ~~~~~~~~[0m

  [96mnode_modules/.prisma/client/index.d.ts[0m:[93m7028[0m:[93m5[0m
    [7m7028[0m     data: XOR<ArticuloCreateInput, ArticuloUncheckedCreateInput>
    [7m    [0m [96m    ~~~~[0m
    The expected type comes from property 'data' which is declared here on type '{ select?: ArticuloSelect<DefaultArgs> | null | undefined; omit?: ArticuloOmit<DefaultArgs> | null | undefined; include?: ArticuloInclude<...> | ... 1 more ... | undefined; data: (Without<...> & ArticuloUncheckedCreateInput) | (Without<...> & ArticuloCreateInput); }'
[96msrc/modulos/articulos/articulos.repository.ts[0m:[93m28[0m:[93m13[0m - [91merror[0m[90m TS2561: [0mObject literal may only specify known properties, but 'usuario_id' does not exist in type 'UsuarioSelect<DefaultArgs>'. Did you mean to write 'usuarioId'?

[7m28[0m             usuario_id: true,
[7m  [0m [91m            ~~~~~~~~~~[0m
[96msrc/modulos/articulos/articulos.repository.ts[0m:[93m46[0m:[93m13[0m - [91merror[0m[90m TS2551: [0mProperty 'autor_id' does not exist on type 'ArticuloWhereInput'. Did you mean 'autorId'?

[7m46[0m       where.autor_id = filtros.autor_id;
[7m  [0m [91m            ~~~~~~~~[0m

  [96mnode_modules/.prisma/client/index.d.ts[0m:[93m17431[0m:[93m5[0m
    [7m17431[0m     autorId?: IntFilter<"Articulo"> | number
    [7m     [0m [96m    ~~~~~~~[0m
    'autorId' is declared here.
[96msrc/modulos/articulos/articulos.repository.ts[0m:[93m66[0m:[93m13[0m - [91merror[0m[90m TS2561: [0mObject literal may only specify known properties, but 'usuario_id' does not exist in type 'UsuarioSelect<DefaultArgs>'. Did you mean to write 'usuarioId'?

[7m66[0m             usuario_id: true,
[7m  [0m [91m            ~~~~~~~~~~[0m
[96msrc/modulos/articulos/articulos.repository.ts[0m:[93m81[0m:[93m9[0m - [91merror[0m[90m TS2353: [0mObject literal may only specify known properties, and 'fecha_publicacion' does not exist in type 'ArticuloOrderByWithRelationInput | ArticuloOrderByWithRelationInput[]'.

[7m81[0m         fecha_publicacion: filtros.orderBy || 'desc',
[7m  [0m [91m        ~~~~~~~~~~~~~~~~~[0m
[96msrc/modulos/articulos/articulos.repository.ts[0m:[93m88[0m:[93m16[0m - [91merror[0m[90m TS2561: [0mObject literal may only specify known properties, but 'articulo_id' does not exist in type 'ArticuloWhereUniqueInput'. Did you mean to write 'articuloId'?

[7m88[0m       where: { articulo_id: id },
[7m  [0m [91m               ~~~~~~~~~~~[0m

  [96mnode_modules/.prisma/client/index.d.ts[0m:[93m6833[0m:[93m5[0m
    [7m6833[0m     where: ArticuloWhereUniqueInput
    [7m    [0m [96m    ~~~~~[0m
    The expected type comes from property 'where' which is declared here on type '{ select?: ArticuloSelect<DefaultArgs> | null | undefined; omit?: ArticuloOmit<DefaultArgs> | null | undefined; include?: ArticuloInclude<...> | ... 1 more ... | undefined; where: ArticuloWhereUniqueInput; }'
[96msrc/modulos/articulos/articulos.repository.ts[0m:[93m92[0m:[93m13[0m - [91merror[0m[90m TS2561: [0mObject literal may only specify known properties, but 'usuario_id' does not exist in type 'UsuarioSelect<DefaultArgs>'. Did you mean to write 'usuarioId'?

[7m92[0m             usuario_id: true,
[7m  [0m [91m            ~~~~~~~~~~[0m
[96msrc/modulos/articulos/articulos.repository.ts[0m:[93m105[0m:[93m16[0m - [91merror[0m[90m TS2561: [0mObject literal may only specify known properties, but 'articulo_id' does not exist in type 'ArticuloWhereUniqueInput'. Did you mean to write 'articuloId'?

[7m105[0m       where: { articulo_id: id },
[7m   [0m [91m               ~~~~~~~~~~~[0m

  [96mnode_modules/.prisma/client/index.d.ts[0m:[93m7088[0m:[93m5[0m
    [7m7088[0m     where: ArticuloWhereUniqueInput
    [7m    [0m [96m    ~~~~~[0m
    The expected type comes from property 'where' which is declared here on type '{ select?: ArticuloSelect<DefaultArgs> | null | undefined; omit?: ArticuloOmit<DefaultArgs> | null | undefined; include?: ArticuloInclude<...> | ... 1 more ... | undefined; data: (Without<...> & ArticuloUncheckedUpdateInput) | (Without<...> & ArticuloUpdateInput); where: ArticuloWhereUniqueInput; }'
[96msrc/modulos/articulos/articulos.repository.ts[0m:[93m110[0m:[93m13[0m - [91merror[0m[90m TS2561: [0mObject literal may only specify known properties, but 'usuario_id' does not exist in type 'UsuarioSelect<DefaultArgs>'. Did you mean to write 'usuarioId'?

[7m110[0m             usuario_id: true,
[7m   [0m [91m            ~~~~~~~~~~[0m
[96msrc/modulos/articulos/articulos.repository.ts[0m:[93m122[0m:[93m16[0m - [91merror[0m[90m TS2561: [0mObject literal may only specify known properties, but 'articulo_id' does not exist in type 'ArticuloWhereUniqueInput'. Did you mean to write 'articuloId'?

[7m122[0m       where: { articulo_id: id },
[7m   [0m [91m               ~~~~~~~~~~~[0m

  [96mnode_modules/.prisma/client/index.d.ts[0m:[93m7188[0m:[93m5[0m
    [7m7188[0m     where: ArticuloWhereUniqueInput
    [7m    [0m [96m    ~~~~~[0m
    The expected type comes from property 'where' which is declared here on type '{ select?: ArticuloSelect<DefaultArgs> | null | undefined; omit?: ArticuloOmit<DefaultArgs> | null | undefined; include?: ArticuloInclude<...> | ... 1 more ... | undefined; where: ArticuloWhereUniqueInput; }'
[96msrc/modulos/articulos/articulos.repository.ts[0m:[93m128[0m:[93m16[0m - [91merror[0m[90m TS2561: [0mObject literal may only specify known properties, but 'articulo_id' does not exist in type 'ArticuloWhereUniqueInput'. Did you mean to write 'articuloId'?

[7m128[0m       where: { articulo_id: id },
[7m   [0m [91m               ~~~~~~~~~~~[0m

  [96mnode_modules/.prisma/client/index.d.ts[0m:[93m7088[0m:[93m5[0m
    [7m7088[0m     where: ArticuloWhereUniqueInput
    [7m    [0m [96m    ~~~~~[0m
    The expected type comes from property 'where' which is declared here on type '{ select?: ArticuloSelect<DefaultArgs> | null | undefined; omit?: ArticuloOmit<DefaultArgs> | null | undefined; include?: ArticuloInclude<...> | ... 1 more ... | undefined; data: (Without<...> & ArticuloUncheckedUpdateInput) | (Without<...> & ArticuloUpdateInput); where: ArticuloWhereUniqueInput; }'
[96msrc/modulos/articulos/articulos.repository.ts[0m:[93m133[0m:[93m13[0m - [91merror[0m[90m TS2561: [0mObject literal may only specify known properties, but 'usuario_id' does not exist in type 'UsuarioSelect<DefaultArgs>'. Did you mean to write 'usuarioId'?

[7m133[0m             usuario_id: true,
[7m   [0m [91m            ~~~~~~~~~~[0m
[96msrc/modulos/articulos/articulos.repository.ts[0m:[93m145[0m:[93m16[0m - [91merror[0m[90m TS2561: [0mObject literal may only specify known properties, but 'articulo_id' does not exist in type 'ArticuloWhereUniqueInput'. Did you mean to write 'articuloId'?

[7m145[0m       where: { articulo_id: id },
[7m   [0m [91m               ~~~~~~~~~~~[0m

  [96mnode_modules/.prisma/client/index.d.ts[0m:[93m7088[0m:[93m5[0m
    [7m7088[0m     where: ArticuloWhereUniqueInput
    [7m    [0m [96m    ~~~~~[0m
    The expected type comes from property 'where' which is declared here on type '{ select?: ArticuloSelect<DefaultArgs> | null | undefined; omit?: ArticuloOmit<DefaultArgs> | null | undefined; include?: ArticuloInclude<...> | ... 1 more ... | undefined; data: (Without<...> & ArticuloUncheckedUpdateInput) | (Without<...> & ArticuloUpdateInput); where: ArticuloWhereUniqueInput; }'
[96msrc/modulos/articulos/articulos.repository.ts[0m:[93m156[0m:[93m16[0m - [91merror[0m[90m TS2561: [0mObject literal may only specify known properties, but 'articulo_id' does not exist in type 'ArticuloWhereUniqueInput'. Did you mean to write 'articuloId'?

[7m156[0m       where: { articulo_id: id },
[7m   [0m [91m               ~~~~~~~~~~~[0m

  [96mnode_modules/.prisma/client/index.d.ts[0m:[93m7088[0m:[93m5[0m
    [7m7088[0m     where: ArticuloWhereUniqueInput
    [7m    [0m [96m    ~~~~~[0m
    The expected type comes from property 'where' which is declared here on type '{ select?: ArticuloSelect<DefaultArgs> | null | undefined; omit?: ArticuloOmit<DefaultArgs> | null | undefined; include?: ArticuloInclude<...> | ... 1 more ... | undefined; data: (Without<...> & ArticuloUncheckedUpdateInput) | (Without<...> & ArticuloUpdateInput); where: ArticuloWhereUniqueInput; }'
[96msrc/modulos/articulos/articulos.repository.ts[0m:[93m161[0m:[93m13[0m - [91merror[0m[90m TS2561: [0mObject literal may only specify known properties, but 'usuario_id' does not exist in type 'UsuarioSelect<DefaultArgs>'. Did you mean to write 'usuarioId'?

[7m161[0m             usuario_id: true,
[7m   [0m [91m            ~~~~~~~~~~[0m
[96msrc/modulos/articulos/articulos.repository.ts[0m:[93m180[0m:[93m13[0m - [91merror[0m[90m TS2561: [0mObject literal may only specify known properties, but 'usuario_id' does not exist in type 'UsuarioSelect<DefaultArgs>'. Did you mean to write 'usuarioId'?

[7m180[0m             usuario_id: true,
[7m   [0m [91m            ~~~~~~~~~~[0m
[96msrc/modulos/articulos/articulos.repository.ts[0m:[93m191[0m:[93m16[0m - [91merror[0m[90m TS2561: [0mObject literal may only specify known properties, but 'articulo_id' does not exist in type 'ArticuloWhereUniqueInput'. Did you mean to write 'articuloId'?

[7m191[0m       where: { articulo_id: id },
[7m   [0m [91m               ~~~~~~~~~~~[0m

  [96mnode_modules/.prisma/client/index.d.ts[0m:[93m7088[0m:[93m5[0m
    [7m7088[0m     where: ArticuloWhereUniqueInput
    [7m    [0m [96m    ~~~~~[0m
    The expected type comes from property 'where' which is declared here on type '{ select?: ArticuloSelect<DefaultArgs> | null | undefined; omit?: ArticuloOmit<DefaultArgs> | null | undefined; include?: ArticuloInclude<...> | ... 1 more ... | undefined; data: (Without<...> & ArticuloUncheckedUpdateInput) | (Without<...> & ArticuloUpdateInput); where: ArticuloWhereUniqueInput; }'
[96msrc/modulos/articulos/articulos.repository.ts[0m:[93m198[0m:[93m13[0m - [91merror[0m[90m TS2561: [0mObject literal may only specify known properties, but 'usuario_id' does not exist in type 'UsuarioSelect<DefaultArgs>'. Did you mean to write 'usuarioId'?

[7m198[0m             usuario_id: true,
[7m   [0m [91m            ~~~~~~~~~~[0m
[96msrc/modulos/articulos/articulos.repository.ts[0m:[93m210[0m:[93m16[0m - [91merror[0m[90m TS2561: [0mObject literal may only specify known properties, but 'articulo_id' does not exist in type 'ArticuloWhereUniqueInput'. Did you mean to write 'articuloId'?

[7m210[0m       where: { articulo_id: id },
[7m   [0m [91m               ~~~~~~~~~~~[0m

  [96mnode_modules/.prisma/client/index.d.ts[0m:[93m7088[0m:[93m5[0m
    [7m7088[0m     where: ArticuloWhereUniqueInput
    [7m    [0m [96m    ~~~~~[0m
    The expected type comes from property 'where' which is declared here on type '{ select?: ArticuloSelect<DefaultArgs> | null | undefined; omit?: ArticuloOmit<DefaultArgs> | null | undefined; include?: ArticuloInclude<...> | ... 1 more ... | undefined; data: (Without<...> & ArticuloUncheckedUpdateInput) | (Without<...> & ArticuloUpdateInput); where: ArticuloWhereUniqueInput; }'
[96msrc/modulos/articulos/articulos.repository.ts[0m:[93m219[0m:[93m13[0m - [91merror[0m[90m TS2561: [0mObject literal may only specify known properties, but 'usuario_id' does not exist in type 'UsuarioSelect<DefaultArgs>'. Did you mean to write 'usuarioId'?

[7m219[0m             usuario_id: true,
[7m   [0m [91m            ~~~~~~~~~~[0m

TSError: ⨯ Unable to compile TypeScript:
[96msrc/modulos/articulos/articulos.repository.ts[0m:[93m21[0m:[93m9[0m - [91merror[0m[90m TS2561: [0mObject literal may only specify known properties, but 'autor_id' does not exist in type 'Without<ArticuloCreateInput, ArticuloUncheckedCreateInput> & ArticuloUncheckedCreateInput'. Did you mean to write 'autorId'?

[7m21[0m         autor_id: data.autor_id,
[7m  [0m [91m        ~~~~~~~~[0m

  [96mnode_modules/.prisma/client/index.d.ts[0m:[93m7028[0m:[93m5[0m
    [7m7028[0m     data: XOR<ArticuloCreateInput, ArticuloUncheckedCreateInput>
    [7m    [0m [96m    ~~~~[0m
    The expected type comes from property 'data' which is declared here on type '{ select?: ArticuloSelect<DefaultArgs> | null | undefined; omit?: ArticuloOmit<DefaultArgs> | null | undefined; include?: ArticuloInclude<...> | ... 1 more ... | undefined; data: (Without<...> & ArticuloUncheckedCreateInput) | (Without<...> & ArticuloCreateInput); }'
[96msrc/modulos/articulos/articulos.repository.ts[0m:[93m28[0m:[93m13[0m - [91merror[0m[90m TS2561: [0mObject literal may only specify known properties, but 'usuario_id' does not exist in type 'UsuarioSelect<DefaultArgs>'. Did you mean to write 'usuarioId'?

[7m28[0m             usuario_id: true,
[7m  [0m [91m            ~~~~~~~~~~[0m
[96msrc/modulos/articulos/articulos.repository.ts[0m:[93m46[0m:[93m13[0m - [91merror[0m[90m TS2551: [0mProperty 'autor_id' does not exist on type 'ArticuloWhereInput'. Did you mean 'autorId'?

[7m46[0m       where.autor_id = filtros.autor_id;
[7m  [0m [91m            ~~~~~~~~[0m

  [96mnode_modules/.prisma/client/index.d.ts[0m:[93m17431[0m:[93m5[0m
    [7m17431[0m     autorId?: IntFilter<"Articulo"> | number
    [7m     [0m [96m    ~~~~~~~[0m
    'autorId' is declared here.
[96msrc/modulos/articulos/articulos.repository.ts[0m:[93m66[0m:[93m13[0m - [91merror[0m[90m TS2561: [0mObject literal may only specify known properties, but 'usuario_id' does not exist in type 'UsuarioSelect<DefaultArgs>'. Did you mean to write 'usuarioId'?

[7m66[0m             usuario_id: true,
[7m  [0m [91m            ~~~~~~~~~~[0m
[96msrc/modulos/articulos/articulos.repository.ts[0m:[93m81[0m:[93m9[0m - [91merror[0m[90m TS2353: [0mObject literal may only specify known properties, and 'fecha_publicacion' does not exist in type 'ArticuloOrderByWithRelationInput | ArticuloOrderByWithRelationInput[]'.

[7m81[0m         fecha_publicacion: filtros.orderBy || 'desc',
[7m  [0m [91m        ~~~~~~~~~~~~~~~~~[0m
[96msrc/modulos/articulos/articulos.repository.ts[0m:[93m88[0m:[93m16[0m - [91merror[0m[90m TS2561: [0mObject literal may only specify known properties, but 'articulo_id' does not exist in type 'ArticuloWhereUniqueInput'. Did you mean to write 'articuloId'?

[7m88[0m       where: { articulo_id: id },
[7m  [0m [91m               ~~~~~~~~~~~[0m

  [96mnode_modules/.prisma/client/index.d.ts[0m:[93m6833[0m:[93m5[0m
    [7m6833[0m     where: ArticuloWhereUniqueInput
    [7m    [0m [96m    ~~~~~[0m
    The expected type comes from property 'where' which is declared here on type '{ select?: ArticuloSelect<DefaultArgs> | null | undefined; omit?: ArticuloOmit<DefaultArgs> | null | undefined; include?: ArticuloInclude<...> | ... 1 more ... | undefined; where: ArticuloWhereUniqueInput; }'
[96msrc/modulos/articulos/articulos.repository.ts[0m:[93m92[0m:[93m13[0m - [91merror[0m[90m TS2561: [0mObject literal may only specify known properties, but 'usuario_id' does not exist in type 'UsuarioSelect<DefaultArgs>'. Did you mean to write 'usuarioId'?

[7m92[0m             usuario_id: true,
[7m  [0m [91m            ~~~~~~~~~~[0m
[96msrc/modulos/articulos/articulos.repository.ts[0m:[93m105[0m:[93m16[0m - [91merror[0m[90m TS2561: [0mObject literal may only specify known properties, but 'articulo_id' does not exist in type 'ArticuloWhereUniqueInput'. Did you mean to write 'articuloId'?

[7m105[0m       where: { articulo_id: id },
[7m   [0m [91m               ~~~~~~~~~~~[0m

  [96mnode_modules/.prisma/client/index.d.ts[0m:[93m7088[0m:[93m5[0m
    [7m7088[0m     where: ArticuloWhereUniqueInput
    [7m    [0m [96m    ~~~~~[0m
    The expected type comes from property 'where' which is declared here on type '{ select?: ArticuloSelect<DefaultArgs> | null | undefined; omit?: ArticuloOmit<DefaultArgs> | null | undefined; include?: ArticuloInclude<...> | ... 1 more ... | undefined; data: (Without<...> & ArticuloUncheckedUpdateInput) | (Without<...> & ArticuloUpdateInput); where: ArticuloWhereUniqueInput; }'
[96msrc/modulos/articulos/articulos.repository.ts[0m:[93m110[0m:[93m13[0m - [91merror[0m[90m TS2561: [0mObject literal may only specify known properties, but 'usuario_id' does not exist in type 'UsuarioSelect<DefaultArgs>'. Did you mean to write 'usuarioId'?

[7m110[0m             usuario_id: true,
[7m   [0m [91m            ~~~~~~~~~~[0m
[96msrc/modulos/articulos/articulos.repository.ts[0m:[93m122[0m:[93m16[0m - [91merror[0m[90m TS2561: [0mObject literal may only specify known properties, but 'articulo_id' does not exist in type 'ArticuloWhereUniqueInput'. Did you mean to write 'articuloId'?

[7m122[0m       where: { articulo_id: id },
[7m   [0m [91m               ~~~~~~~~~~~[0m

  [96mnode_modules/.prisma/client/index.d.ts[0m:[93m7188[0m:[93m5[0m
    [7m7188[0m     where: ArticuloWhereUniqueInput
    [7m    [0m [96m    ~~~~~[0m
    The expected type comes from property 'where' which is declared here on type '{ select?: ArticuloSelect<DefaultArgs> | null | undefined; omit?: ArticuloOmit<DefaultArgs> | null | undefined; include?: ArticuloInclude<...> | ... 1 more ... | undefined; where: ArticuloWhereUniqueInput; }'
[96msrc/modulos/articulos/articulos.repository.ts[0m:[93m128[0m:[93m16[0m - [91merror[0m[90m TS2561: [0mObject literal may only specify known properties, but 'articulo_id' does not exist in type 'ArticuloWhereUniqueInput'. Did you mean to write 'articuloId'?

[7m128[0m       where: { articulo_id: id },
[7m   [0m [91m               ~~~~~~~~~~~[0m

  [96mnode_modules/.prisma/client/index.d.ts[0m:[93m7088[0m:[93m5[0m
    [7m7088[0m     where: ArticuloWhereUniqueInput
    [7m    [0m [96m    ~~~~~[0m
    The expected type comes from property 'where' which is declared here on type '{ select?: ArticuloSelect<DefaultArgs> | null | undefined; omit?: ArticuloOmit<DefaultArgs> | null | undefined; include?: ArticuloInclude<...> | ... 1 more ... | undefined; data: (Without<...> & ArticuloUncheckedUpdateInput) | (Without<...> & ArticuloUpdateInput); where: ArticuloWhereUniqueInput; }'
[96msrc/modulos/articulos/articulos.repository.ts[0m:[93m133[0m:[93m13[0m - [91merror[0m[90m TS2561: [0mObject literal may only specify known properties, but 'usuario_id' does not exist in type 'UsuarioSelect<DefaultArgs>'. Did you mean to write 'usuarioId'?

[7m133[0m             usuario_id: true,
[7m   [0m [91m            ~~~~~~~~~~[0m
[96msrc/modulos/articulos/articulos.repository.ts[0m:[93m145[0m:[93m16[0m - [91merror[0m[90m TS2561: [0mObject literal may only specify known properties, but 'articulo_id' does not exist in type 'ArticuloWhereUniqueInput'. Did you mean to write 'articuloId'?

[7m145[0m       where: { articulo_id: id },
[7m   [0m [91m               ~~~~~~~~~~~[0m

  [96mnode_modules/.prisma/client/index.d.ts[0m:[93m7088[0m:[93m5[0m
    [7m7088[0m     where: ArticuloWhereUniqueInput
    [7m    [0m [96m    ~~~~~[0m
    The expected type comes from property 'where' which is declared here on type '{ select?: ArticuloSelect<DefaultArgs> | null | undefined; omit?: ArticuloOmit<DefaultArgs> | null | undefined; include?: ArticuloInclude<...> | ... 1 more ... | undefined; data: (Without<...> & ArticuloUncheckedUpdateInput) | (Without<...> & ArticuloUpdateInput); where: ArticuloWhereUniqueInput; }'
[96msrc/modulos/articulos/articulos.repository.ts[0m:[93m156[0m:[93m16[0m - [91merror[0m[90m TS2561: [0mObject literal may only specify known properties, but 'articulo_id' does not exist in type 'ArticuloWhereUniqueInput'. Did you mean to write 'articuloId'?

[7m156[0m       where: { articulo_id: id },
[7m   [0m [91m               ~~~~~~~~~~~[0m

  [96mnode_modules/.prisma/client/index.d.ts[0m:[93m7088[0m:[93m5[0m
    [7m7088[0m     where: ArticuloWhereUniqueInput
    [7m    [0m [96m    ~~~~~[0m
    The expected type comes from property 'where' which is declared here on type '{ select?: ArticuloSelect<DefaultArgs> | null | undefined; omit?: ArticuloOmit<DefaultArgs> | null | undefined; include?: ArticuloInclude<...> | ... 1 more ... | undefined; data: (Without<...> & ArticuloUncheckedUpdateInput) | (Without<...> & ArticuloUpdateInput); where: ArticuloWhereUniqueInput; }'
[96msrc/modulos/articulos/articulos.repository.ts[0m:[93m161[0m:[93m13[0m - [91merror[0m[90m TS2561: [0mObject literal may only specify known properties, but 'usuario_id' does not exist in type 'UsuarioSelect<DefaultArgs>'. Did you mean to write 'usuarioId'?

[7m161[0m             usuario_id: true,
[7m   [0m [91m            ~~~~~~~~~~[0m
[96msrc/modulos/articulos/articulos.repository.ts[0m:[93m180[0m:[93m13[0m - [91merror[0m[90m TS2561: [0mObject literal may only specify known properties, but 'usuario_id' does not exist in type 'UsuarioSelect<DefaultArgs>'. Did you mean to write 'usuarioId'?

[7m180[0m             usuario_id: true,
[7m   [0m [91m            ~~~~~~~~~~[0m
[96msrc/modulos/articulos/articulos.repository.ts[0m:[93m191[0m:[93m16[0m - [91merror[0m[90m TS2561: [0mObject literal may only specify known properties, but 'articulo_id' does not exist in type 'ArticuloWhereUniqueInput'. Did you mean to write 'articuloId'?

[7m191[0m       where: { articulo_id: id },
[7m   [0m [91m               ~~~~~~~~~~~[0m

  [96mnode_modules/.prisma/client/index.d.ts[0m:[93m7088[0m:[93m5[0m
    [7m7088[0m     where: ArticuloWhereUniqueInput
    [7m    [0m [96m    ~~~~~[0m
    The expected type comes from property 'where' which is declared here on type '{ select?: ArticuloSelect<DefaultArgs> | null | undefined; omit?: ArticuloOmit<DefaultArgs> | null | undefined; include?: ArticuloInclude<...> | ... 1 more ... | undefined; data: (Without<...> & ArticuloUncheckedUpdateInput) | (Without<...> & ArticuloUpdateInput); where: ArticuloWhereUniqueInput; }'
[96msrc/modulos/articulos/articulos.repository.ts[0m:[93m198[0m:[93m13[0m - [91merror[0m[90m TS2561: [0mObject literal may only specify known properties, but 'usuario_id' does not exist in type 'UsuarioSelect<DefaultArgs>'. Did you mean to write 'usuarioId'?

[7m198[0m             usuario_id: true,
[7m   [0m [91m            ~~~~~~~~~~[0m
[96msrc/modulos/articulos/articulos.repository.ts[0m:[93m210[0m:[93m16[0m - [91merror[0m[90m TS2561: [0mObject literal may only specify known properties, but 'articulo_id' does not exist in type 'ArticuloWhereUniqueInput'. Did you mean to write 'articuloId'?

[7m210[0m       where: { articulo_id: id },
[7m   [0m [91m               ~~~~~~~~~~~[0m

  [96mnode_modules/.prisma/client/index.d.ts[0m:[93m7088[0m:[93m5[0m
    [7m7088[0m     where: ArticuloWhereUniqueInput
    [7m    [0m [96m    ~~~~~[0m
    The expected type comes from property 'where' which is declared here on type '{ select?: ArticuloSelect<DefaultArgs> | null | undefined; omit?: ArticuloOmit<DefaultArgs> | null | undefined; include?: ArticuloInclude<...> | ... 1 more ... | undefined; data: (Without<...> & ArticuloUncheckedUpdateInput) | (Without<...> & ArticuloUpdateInput); where: ArticuloWhereUniqueInput; }'
[96msrc/modulos/articulos/articulos.repository.ts[0m:[93m219[0m:[93m13[0m - [91merror[0m[90m TS2561: [0mObject literal may only specify known properties, but 'usuario_id' does not exist in type 'UsuarioSelect<DefaultArgs>'. Did you mean to write 'usuarioId'?

[7m219[0m             usuario_id: true,
[7m   [0m [91m            ~~~~~~~~~~[0m

    at createTSError (D:\aneupi-tv-backend\node_modules\ts-node\src\index.ts:859:12)
    at reportTSError (D:\aneupi-tv-backend\node_modules\ts-node\src\index.ts:863:19)
    at getOutput (D:\aneupi-tv-backend\node_modules\ts-node\src\index.ts:1077:36)
    at Object.compile (D:\aneupi-tv-backend\node_modules\ts-node\src\index.ts:1433:41)
    at Module.m._compile (D:\aneupi-tv-backend\node_modules\ts-node\src\index.ts:1617:30)
    at node:internal/modules/cjs/loader:1895:10
    at Object.require.extensions.<computed> [as .ts] (D:\aneupi-tv-backend\node_modules\ts-node\src\index.ts:1621:12)
    at Module.load (node:internal/modules/cjs/loader:1465:32)
    at Function._load (node:internal/modules/cjs/loader:1282:12)
    at TracingChannel.traceSync (node:diagnostics_channel:322:14)
2025-11-17 19:05:30 error: 	uncaughtException: ⨯ Unable to compile TypeScript:
[96msrc/modulos/articulos/articulos.repository.ts[0m:[93m21[0m:[93m9[0m - [91merror[0m[90m TS2561: [0mObject literal may only specify known properties, but 'autor_id' does not exist in type 'Without<ArticuloCreateInput, ArticuloUncheckedCreateInput> & ArticuloUncheckedCreateInput'. Did you mean to write 'autorId'?

[7m21[0m         autor_id: data.autor_id,
[7m  [0m [91m        ~~~~~~~~[0m

  [96mnode_modules/.prisma/client/index.d.ts[0m:[93m7028[0m:[93m5[0m
    [7m7028[0m     data: XOR<ArticuloCreateInput, ArticuloUncheckedCreateInput>
    [7m    [0m [96m    ~~~~[0m
    The expected type comes from property 'data' which is declared here on type '{ select?: ArticuloSelect<DefaultArgs> | null | undefined; omit?: ArticuloOmit<DefaultArgs> | null | undefined; include?: ArticuloInclude<...> | ... 1 more ... | undefined; data: (Without<...> & ArticuloUncheckedCreateInput) | (Without<...> & ArticuloCreateInput); }'
[96msrc/modulos/articulos/articulos.repository.ts[0m:[93m28[0m:[93m13[0m - [91merror[0m[90m TS2561: [0mObject literal may only specify known properties, but 'usuario_id' does not exist in type 'UsuarioSelect<DefaultArgs>'. Did you mean to write 'usuarioId'?

[7m28[0m             usuario_id: true,
[7m  [0m [91m            ~~~~~~~~~~[0m
[96msrc/modulos/articulos/articulos.repository.ts[0m:[93m46[0m:[93m13[0m - [91merror[0m[90m TS2551: [0mProperty 'autor_id' does not exist on type 'ArticuloWhereInput'. Did you mean 'autorId'?

[7m46[0m       where.autor_id = filtros.autor_id;
[7m  [0m [91m            ~~~~~~~~[0m

  [96mnode_modules/.prisma/client/index.d.ts[0m:[93m17431[0m:[93m5[0m
    [7m17431[0m     autorId?: IntFilter<"Articulo"> | number
    [7m     [0m [96m    ~~~~~~~[0m
    'autorId' is declared here.
[96msrc/modulos/articulos/articulos.repository.ts[0m:[93m66[0m:[93m13[0m - [91merror[0m[90m TS2561: [0mObject literal may only specify known properties, but 'usuario_id' does not exist in type 'UsuarioSelect<DefaultArgs>'. Did you mean to write 'usuarioId'?

[7m66[0m             usuario_id: true,
[7m  [0m [91m            ~~~~~~~~~~[0m
[96msrc/modulos/articulos/articulos.repository.ts[0m:[93m81[0m:[93m9[0m - [91merror[0m[90m TS2353: [0mObject literal may only specify known properties, and 'fecha_publicacion' does not exist in type 'ArticuloOrderByWithRelationInput | ArticuloOrderByWithRelationInput[]'.

[7m81[0m         fecha_publicacion: filtros.orderBy || 'desc',
[7m  [0m [91m        ~~~~~~~~~~~~~~~~~[0m
[96msrc/modulos/articulos/articulos.repository.ts[0m:[93m88[0m:[93m16[0m - [91merror[0m[90m TS2561: [0mObject literal may only specify known properties, but 'articulo_id' does not exist in type 'ArticuloWhereUniqueInput'. Did you mean to write 'articuloId'?

[7m88[0m       where: { articulo_id: id },
[7m  [0m [91m               ~~~~~~~~~~~[0m

  [96mnode_modules/.prisma/client/index.d.ts[0m:[93m6833[0m:[93m5[0m
    [7m6833[0m     where: ArticuloWhereUniqueInput
    [7m    [0m [96m    ~~~~~[0m
    The expected type comes from property 'where' which is declared here on type '{ select?: ArticuloSelect<DefaultArgs> | null | undefined; omit?: ArticuloOmit<DefaultArgs> | null | undefined; include?: ArticuloInclude<...> | ... 1 more ... | undefined; where: ArticuloWhereUniqueInput; }'
[96msrc/modulos/articulos/articulos.repository.ts[0m:[93m92[0m:[93m13[0m - [91merror[0m[90m TS2561: [0mObject literal may only specify known properties, but 'usuario_id' does not exist in type 'UsuarioSelect<DefaultArgs>'. Did you mean to write 'usuarioId'?

[7m92[0m             usuario_id: true,
[7m  [0m [91m            ~~~~~~~~~~[0m
[96msrc/modulos/articulos/articulos.repository.ts[0m:[93m105[0m:[93m16[0m - [91merror[0m[90m TS2561: [0mObject literal may only specify known properties, but 'articulo_id' does not exist in type 'ArticuloWhereUniqueInput'. Did you mean to write 'articuloId'?

[7m105[0m       where: { articulo_id: id },
[7m   [0m [91m               ~~~~~~~~~~~[0m

  [96mnode_modules/.prisma/client/index.d.ts[0m:[93m7088[0m:[93m5[0m
    [7m7088[0m     where: ArticuloWhereUniqueInput
    [7m    [0m [96m    ~~~~~[0m
    The expected type comes from property 'where' which is declared here on type '{ select?: ArticuloSelect<DefaultArgs> | null | undefined; omit?: ArticuloOmit<DefaultArgs> | null | undefined; include?: ArticuloInclude<...> | ... 1 more ... | undefined; data: (Without<...> & ArticuloUncheckedUpdateInput) | (Without<...> & ArticuloUpdateInput); where: ArticuloWhereUniqueInput; }'
[96msrc/modulos/articulos/articulos.repository.ts[0m:[93m110[0m:[93m13[0m - [91merror[0m[90m TS2561: [0mObject literal may only specify known properties, but 'usuario_id' does not exist in type 'UsuarioSelect<DefaultArgs>'. Did you mean to write 'usuarioId'?

[7m110[0m             usuario_id: true,
[7m   [0m [91m            ~~~~~~~~~~[0m
[96msrc/modulos/articulos/articulos.repository.ts[0m:[93m122[0m:[93m16[0m - [91merror[0m[90m TS2561: [0mObject literal may only specify known properties, but 'articulo_id' does not exist in type 'ArticuloWhereUniqueInput'. Did you mean to write 'articuloId'?

[7m122[0m       where: { articulo_id: id },
[7m   [0m [91m               ~~~~~~~~~~~[0m

  [96mnode_modules/.prisma/client/index.d.ts[0m:[93m7188[0m:[93m5[0m
    [7m7188[0m     where: ArticuloWhereUniqueInput
    [7m    [0m [96m    ~~~~~[0m
    The expected type comes from property 'where' which is declared here on type '{ select?: ArticuloSelect<DefaultArgs> | null | undefined; omit?: ArticuloOmit<DefaultArgs> | null | undefined; include?: ArticuloInclude<...> | ... 1 more ... | undefined; where: ArticuloWhereUniqueInput; }'
[96msrc/modulos/articulos/articulos.repository.ts[0m:[93m128[0m:[93m16[0m - [91merror[0m[90m TS2561: [0mObject literal may only specify known properties, but 'articulo_id' does not exist in type 'ArticuloWhereUniqueInput'. Did you mean to write 'articuloId'?

[7m128[0m       where: { articulo_id: id },
[7m   [0m [91m               ~~~~~~~~~~~[0m

  [96mnode_modules/.prisma/client/index.d.ts[0m:[93m7088[0m:[93m5[0m
    [7m7088[0m     where: ArticuloWhereUniqueInput
    [7m    [0m [96m    ~~~~~[0m
    The expected type comes from property 'where' which is declared here on type '{ select?: ArticuloSelect<DefaultArgs> | null | undefined; omit?: ArticuloOmit<DefaultArgs> | null | undefined; include?: ArticuloInclude<...> | ... 1 more ... | undefined; data: (Without<...> & ArticuloUncheckedUpdateInput) | (Without<...> & ArticuloUpdateInput); where: ArticuloWhereUniqueInput; }'
[96msrc/modulos/articulos/articulos.repository.ts[0m:[93m133[0m:[93m13[0m - [91merror[0m[90m TS2561: [0mObject literal may only specify known properties, but 'usuario_id' does not exist in type 'UsuarioSelect<DefaultArgs>'. Did you mean to write 'usuarioId'?

[7m133[0m             usuario_id: true,
[7m   [0m [91m            ~~~~~~~~~~[0m
[96msrc/modulos/articulos/articulos.repository.ts[0m:[93m145[0m:[93m16[0m - [91merror[0m[90m TS2561: [0mObject literal may only specify known properties, but 'articulo_id' does not exist in type 'ArticuloWhereUniqueInput'. Did you mean to write 'articuloId'?

[7m145[0m       where: { articulo_id: id },
[7m   [0m [91m               ~~~~~~~~~~~[0m

  [96mnode_modules/.prisma/client/index.d.ts[0m:[93m7088[0m:[93m5[0m
    [7m7088[0m     where: ArticuloWhereUniqueInput
    [7m    [0m [96m    ~~~~~[0m
    The expected type comes from property 'where' which is declared here on type '{ select?: ArticuloSelect<DefaultArgs> | null | undefined; omit?: ArticuloOmit<DefaultArgs> | null | undefined; include?: ArticuloInclude<...> | ... 1 more ... | undefined; data: (Without<...> & ArticuloUncheckedUpdateInput) | (Without<...> & ArticuloUpdateInput); where: ArticuloWhereUniqueInput; }'
[96msrc/modulos/articulos/articulos.repository.ts[0m:[93m156[0m:[93m16[0m - [91merror[0m[90m TS2561: [0mObject literal may only specify known properties, but 'articulo_id' does not exist in type 'ArticuloWhereUniqueInput'. Did you mean to write 'articuloId'?

[7m156[0m       where: { articulo_id: id },
[7m   [0m [91m               ~~~~~~~~~~~[0m

  [96mnode_modules/.prisma/client/index.d.ts[0m:[93m7088[0m:[93m5[0m
    [7m7088[0m     where: ArticuloWhereUniqueInput
    [7m    [0m [96m    ~~~~~[0m
    The expected type comes from property 'where' which is declared here on type '{ select?: ArticuloSelect<DefaultArgs> | null | undefined; omit?: ArticuloOmit<DefaultArgs> | null | undefined; include?: ArticuloInclude<...> | ... 1 more ... | undefined; data: (Without<...> & ArticuloUncheckedUpdateInput) | (Without<...> & ArticuloUpdateInput); where: ArticuloWhereUniqueInput; }'
[96msrc/modulos/articulos/articulos.repository.ts[0m:[93m161[0m:[93m13[0m - [91merror[0m[90m TS2561: [0mObject literal may only specify known properties, but 'usuario_id' does not exist in type 'UsuarioSelect<DefaultArgs>'. Did you mean to write 'usuarioId'?

[7m161[0m             usuario_id: true,
[7m   [0m [91m            ~~~~~~~~~~[0m
[96msrc/modulos/articulos/articulos.repository.ts[0m:[93m180[0m:[93m13[0m - [91merror[0m[90m TS2561: [0mObject literal may only specify known properties, but 'usuario_id' does not exist in type 'UsuarioSelect<DefaultArgs>'. Did you mean to write 'usuarioId'?

[7m180[0m             usuario_id: true,
[7m   [0m [91m            ~~~~~~~~~~[0m
[96msrc/modulos/articulos/articulos.repository.ts[0m:[93m191[0m:[93m16[0m - [91merror[0m[90m TS2561: [0mObject literal may only specify known properties, but 'articulo_id' does not exist in type 'ArticuloWhereUniqueInput'. Did you mean to write 'articuloId'?

[7m191[0m       where: { articulo_id: id },
[7m   [0m [91m               ~~~~~~~~~~~[0m

  [96mnode_modules/.prisma/client/index.d.ts[0m:[93m7088[0m:[93m5[0m
    [7m7088[0m     where: ArticuloWhereUniqueInput
    [7m    [0m [96m    ~~~~~[0m
    The expected type comes from property 'where' which is declared here on type '{ select?: ArticuloSelect<DefaultArgs> | null | undefined; omit?: ArticuloOmit<DefaultArgs> | null | undefined; include?: ArticuloInclude<...> | ... 1 more ... | undefined; data: (Without<...> & ArticuloUncheckedUpdateInput) | (Without<...> & ArticuloUpdateInput); where: ArticuloWhereUniqueInput; }'
[96msrc/modulos/articulos/articulos.repository.ts[0m:[93m198[0m:[93m13[0m - [91merror[0m[90m TS2561: [0mObject literal may only specify known properties, but 'usuario_id' does not exist in type 'UsuarioSelect<DefaultArgs>'. Did you mean to write 'usuarioId'?

[7m198[0m             usuario_id: true,
[7m   [0m [91m            ~~~~~~~~~~[0m
[96msrc/modulos/articulos/articulos.repository.ts[0m:[93m210[0m:[93m16[0m - [91merror[0m[90m TS2561: [0mObject literal may only specify known properties, but 'articulo_id' does not exist in type 'ArticuloWhereUniqueInput'. Did you mean to write 'articuloId'?

[7m210[0m       where: { articulo_id: id },
[7m   [0m [91m               ~~~~~~~~~~~[0m

  [96mnode_modules/.prisma/client/index.d.ts[0m:[93m7088[0m:[93m5[0m
    [7m7088[0m     where: ArticuloWhereUniqueInput
    [7m    [0m [96m    ~~~~~[0m
    The expected type comes from property 'where' which is declared here on type '{ select?: ArticuloSelect<DefaultArgs> | null | undefined; omit?: ArticuloOmit<DefaultArgs> | null | undefined; include?: ArticuloInclude<...> | ... 1 more ... | undefined; data: (Without<...> & ArticuloUncheckedUpdateInput) | (Without<...> & ArticuloUpdateInput); where: ArticuloWhereUniqueInput; }'
[96msrc/modulos/articulos/articulos.repository.ts[0m:[93m219[0m:[93m13[0m - [91merror[0m[90m TS2561: [0mObject literal may only specify known properties, but 'usuario_id' does not exist in type 'UsuarioSelect<DefaultArgs>'. Did you mean to write 'usuarioId'?

[7m219[0m             usuario_id: true,
[7m   [0m [91m            ~~~~~~~~~~[0m

TSError: ⨯ Unable to compile TypeScript:
[96msrc/modulos/articulos/articulos.repository.ts[0m:[93m21[0m:[93m9[0m - [91merror[0m[90m TS2561: [0mObject literal may only specify known properties, but 'autor_id' does not exist in type 'Without<ArticuloCreateInput, ArticuloUncheckedCreateInput> & ArticuloUncheckedCreateInput'. Did you mean to write 'autorId'?

[7m21[0m         autor_id: data.autor_id,
[7m  [0m [91m        ~~~~~~~~[0m

  [96mnode_modules/.prisma/client/index.d.ts[0m:[93m7028[0m:[93m5[0m
    [7m7028[0m     data: XOR<ArticuloCreateInput, ArticuloUncheckedCreateInput>
    [7m    [0m [96m    ~~~~[0m
    The expected type comes from property 'data' which is declared here on type '{ select?: ArticuloSelect<DefaultArgs> | null | undefined; omit?: ArticuloOmit<DefaultArgs> | null | undefined; include?: ArticuloInclude<...> | ... 1 more ... | undefined; data: (Without<...> & ArticuloUncheckedCreateInput) | (Without<...> & ArticuloCreateInput); }'
[96msrc/modulos/articulos/articulos.repository.ts[0m:[93m28[0m:[93m13[0m - [91merror[0m[90m TS2561: [0mObject literal may only specify known properties, but 'usuario_id' does not exist in type 'UsuarioSelect<DefaultArgs>'. Did you mean to write 'usuarioId'?

[7m28[0m             usuario_id: true,
[7m  [0m [91m            ~~~~~~~~~~[0m
[96msrc/modulos/articulos/articulos.repository.ts[0m:[93m46[0m:[93m13[0m - [91merror[0m[90m TS2551: [0mProperty 'autor_id' does not exist on type 'ArticuloWhereInput'. Did you mean 'autorId'?

[7m46[0m       where.autor_id = filtros.autor_id;
[7m  [0m [91m            ~~~~~~~~[0m

  [96mnode_modules/.prisma/client/index.d.ts[0m:[93m17431[0m:[93m5[0m
    [7m17431[0m     autorId?: IntFilter<"Articulo"> | number
    [7m     [0m [96m    ~~~~~~~[0m
    'autorId' is declared here.
[96msrc/modulos/articulos/articulos.repository.ts[0m:[93m66[0m:[93m13[0m - [91merror[0m[90m TS2561: [0mObject literal may only specify known properties, but 'usuario_id' does not exist in type 'UsuarioSelect<DefaultArgs>'. Did you mean to write 'usuarioId'?

[7m66[0m             usuario_id: true,
[7m  [0m [91m            ~~~~~~~~~~[0m
[96msrc/modulos/articulos/articulos.repository.ts[0m:[93m81[0m:[93m9[0m - [91merror[0m[90m TS2353: [0mObject literal may only specify known properties, and 'fecha_publicacion' does not exist in type 'ArticuloOrderByWithRelationInput | ArticuloOrderByWithRelationInput[]'.

[7m81[0m         fecha_publicacion: filtros.orderBy || 'desc',
[7m  [0m [91m        ~~~~~~~~~~~~~~~~~[0m
[96msrc/modulos/articulos/articulos.repository.ts[0m:[93m88[0m:[93m16[0m - [91merror[0m[90m TS2561: [0mObject literal may only specify known properties, but 'articulo_id' does not exist in type 'ArticuloWhereUniqueInput'. Did you mean to write 'articuloId'?

[7m88[0m       where: { articulo_id: id },
[7m  [0m [91m               ~~~~~~~~~~~[0m

  [96mnode_modules/.prisma/client/index.d.ts[0m:[93m6833[0m:[93m5[0m
    [7m6833[0m     where: ArticuloWhereUniqueInput
    [7m    [0m [96m    ~~~~~[0m
    The expected type comes from property 'where' which is declared here on type '{ select?: ArticuloSelect<DefaultArgs> | null | undefined; omit?: ArticuloOmit<DefaultArgs> | null | undefined; include?: ArticuloInclude<...> | ... 1 more ... | undefined; where: ArticuloWhereUniqueInput; }'
[96msrc/modulos/articulos/articulos.repository.ts[0m:[93m92[0m:[93m13[0m - [91merror[0m[90m TS2561: [0mObject literal may only specify known properties, but 'usuario_id' does not exist in type 'UsuarioSelect<DefaultArgs>'. Did you mean to write 'usuarioId'?

[7m92[0m             usuario_id: true,
[7m  [0m [91m            ~~~~~~~~~~[0m
[96msrc/modulos/articulos/articulos.repository.ts[0m:[93m105[0m:[93m16[0m - [91merror[0m[90m TS2561: [0mObject literal may only specify known properties, but 'articulo_id' does not exist in type 'ArticuloWhereUniqueInput'. Did you mean to write 'articuloId'?

[7m105[0m       where: { articulo_id: id },
[7m   [0m [91m               ~~~~~~~~~~~[0m

  [96mnode_modules/.prisma/client/index.d.ts[0m:[93m7088[0m:[93m5[0m
    [7m7088[0m     where: ArticuloWhereUniqueInput
    [7m    [0m [96m    ~~~~~[0m
    The expected type comes from property 'where' which is declared here on type '{ select?: ArticuloSelect<DefaultArgs> | null | undefined; omit?: ArticuloOmit<DefaultArgs> | null | undefined; include?: ArticuloInclude<...> | ... 1 more ... | undefined; data: (Without<...> & ArticuloUncheckedUpdateInput) | (Without<...> & ArticuloUpdateInput); where: ArticuloWhereUniqueInput; }'
[96msrc/modulos/articulos/articulos.repository.ts[0m:[93m110[0m:[93m13[0m - [91merror[0m[90m TS2561: [0mObject literal may only specify known properties, but 'usuario_id' does not exist in type 'UsuarioSelect<DefaultArgs>'. Did you mean to write 'usuarioId'?

[7m110[0m             usuario_id: true,
[7m   [0m [91m            ~~~~~~~~~~[0m
[96msrc/modulos/articulos/articulos.repository.ts[0m:[93m122[0m:[93m16[0m - [91merror[0m[90m TS2561: [0mObject literal may only specify known properties, but 'articulo_id' does not exist in type 'ArticuloWhereUniqueInput'. Did you mean to write 'articuloId'?

[7m122[0m       where: { articulo_id: id },
[7m   [0m [91m               ~~~~~~~~~~~[0m

  [96mnode_modules/.prisma/client/index.d.ts[0m:[93m7188[0m:[93m5[0m
    [7m7188[0m     where: ArticuloWhereUniqueInput
    [7m    [0m [96m    ~~~~~[0m
    The expected type comes from property 'where' which is declared here on type '{ select?: ArticuloSelect<DefaultArgs> | null | undefined; omit?: ArticuloOmit<DefaultArgs> | null | undefined; include?: ArticuloInclude<...> | ... 1 more ... | undefined; where: ArticuloWhereUniqueInput; }'
[96msrc/modulos/articulos/articulos.repository.ts[0m:[93m128[0m:[93m16[0m - [91merror[0m[90m TS2561: [0mObject literal may only specify known properties, but 'articulo_id' does not exist in type 'ArticuloWhereUniqueInput'. Did you mean to write 'articuloId'?

[7m128[0m       where: { articulo_id: id },
[7m   [0m [91m               ~~~~~~~~~~~[0m

  [96mnode_modules/.prisma/client/index.d.ts[0m:[93m7088[0m:[93m5[0m
    [7m7088[0m     where: ArticuloWhereUniqueInput
    [7m    [0m [96m    ~~~~~[0m
    The expected type comes from property 'where' which is declared here on type '{ select?: ArticuloSelect<DefaultArgs> | null | undefined; omit?: ArticuloOmit<DefaultArgs> | null | undefined; include?: ArticuloInclude<...> | ... 1 more ... | undefined; data: (Without<...> & ArticuloUncheckedUpdateInput) | (Without<...> & ArticuloUpdateInput); where: ArticuloWhereUniqueInput; }'
[96msrc/modulos/articulos/articulos.repository.ts[0m:[93m133[0m:[93m13[0m - [91merror[0m[90m TS2561: [0mObject literal may only specify known properties, but 'usuario_id' does not exist in type 'UsuarioSelect<DefaultArgs>'. Did you mean to write 'usuarioId'?

[7m133[0m             usuario_id: true,
[7m   [0m [91m            ~~~~~~~~~~[0m
[96msrc/modulos/articulos/articulos.repository.ts[0m:[93m145[0m:[93m16[0m - [91merror[0m[90m TS2561: [0mObject literal may only specify known properties, but 'articulo_id' does not exist in type 'ArticuloWhereUniqueInput'. Did you mean to write 'articuloId'?

[7m145[0m       where: { articulo_id: id },
[7m   [0m [91m               ~~~~~~~~~~~[0m

  [96mnode_modules/.prisma/client/index.d.ts[0m:[93m7088[0m:[93m5[0m
    [7m7088[0m     where: ArticuloWhereUniqueInput
    [7m    [0m [96m    ~~~~~[0m
    The expected type comes from property 'where' which is declared here on type '{ select?: ArticuloSelect<DefaultArgs> | null | undefined; omit?: ArticuloOmit<DefaultArgs> | null | undefined; include?: ArticuloInclude<...> | ... 1 more ... | undefined; data: (Without<...> & ArticuloUncheckedUpdateInput) | (Without<...> & ArticuloUpdateInput); where: ArticuloWhereUniqueInput; }'
[96msrc/modulos/articulos/articulos.repository.ts[0m:[93m156[0m:[93m16[0m - [91merror[0m[90m TS2561: [0mObject literal may only specify known properties, but 'articulo_id' does not exist in type 'ArticuloWhereUniqueInput'. Did you mean to write 'articuloId'?

[7m156[0m       where: { articulo_id: id },
[7m   [0m [91m               ~~~~~~~~~~~[0m

  [96mnode_modules/.prisma/client/index.d.ts[0m:[93m7088[0m:[93m5[0m
    [7m7088[0m     where: ArticuloWhereUniqueInput
    [7m    [0m [96m    ~~~~~[0m
    The expected type comes from property 'where' which is declared here on type '{ select?: ArticuloSelect<DefaultArgs> | null | undefined; omit?: ArticuloOmit<DefaultArgs> | null | undefined; include?: ArticuloInclude<...> | ... 1 more ... | undefined; data: (Without<...> & ArticuloUncheckedUpdateInput) | (Without<...> & ArticuloUpdateInput); where: ArticuloWhereUniqueInput; }'
[96msrc/modulos/articulos/articulos.repository.ts[0m:[93m161[0m:[93m13[0m - [91merror[0m[90m TS2561: [0mObject literal may only specify known properties, but 'usuario_id' does not exist in type 'UsuarioSelect<DefaultArgs>'. Did you mean to write 'usuarioId'?

[7m161[0m             usuario_id: true,
[7m   [0m [91m            ~~~~~~~~~~[0m
[96msrc/modulos/articulos/articulos.repository.ts[0m:[93m180[0m:[93m13[0m - [91merror[0m[90m TS2561: [0mObject literal may only specify known properties, but 'usuario_id' does not exist in type 'UsuarioSelect<DefaultArgs>'. Did you mean to write 'usuarioId'?

[7m180[0m             usuario_id: true,
[7m   [0m [91m            ~~~~~~~~~~[0m
[96msrc/modulos/articulos/articulos.repository.ts[0m:[93m191[0m:[93m16[0m - [91merror[0m[90m TS2561: [0mObject literal may only specify known properties, but 'articulo_id' does not exist in type 'ArticuloWhereUniqueInput'. Did you mean to write 'articuloId'?

[7m191[0m       where: { articulo_id: id },
[7m   [0m [91m               ~~~~~~~~~~~[0m

  [96mnode_modules/.prisma/client/index.d.ts[0m:[93m7088[0m:[93m5[0m
    [7m7088[0m     where: ArticuloWhereUniqueInput
    [7m    [0m [96m    ~~~~~[0m
    The expected type comes from property 'where' which is declared here on type '{ select?: ArticuloSelect<DefaultArgs> | null | undefined; omit?: ArticuloOmit<DefaultArgs> | null | undefined; include?: ArticuloInclude<...> | ... 1 more ... | undefined; data: (Without<...> & ArticuloUncheckedUpdateInput) | (Without<...> & ArticuloUpdateInput); where: ArticuloWhereUniqueInput; }'
[96msrc/modulos/articulos/articulos.repository.ts[0m:[93m198[0m:[93m13[0m - [91merror[0m[90m TS2561: [0mObject literal may only specify known properties, but 'usuario_id' does not exist in type 'UsuarioSelect<DefaultArgs>'. Did you mean to write 'usuarioId'?

[7m198[0m             usuario_id: true,
[7m   [0m [91m            ~~~~~~~~~~[0m
[96msrc/modulos/articulos/articulos.repository.ts[0m:[93m210[0m:[93m16[0m - [91merror[0m[90m TS2561: [0mObject literal may only specify known properties, but 'articulo_id' does not exist in type 'ArticuloWhereUniqueInput'. Did you mean to write 'articuloId'?

[7m210[0m       where: { articulo_id: id },
[7m   [0m [91m               ~~~~~~~~~~~[0m

  [96mnode_modules/.prisma/client/index.d.ts[0m:[93m7088[0m:[93m5[0m
    [7m7088[0m     where: ArticuloWhereUniqueInput
    [7m    [0m [96m    ~~~~~[0m
    The expected type comes from property 'where' which is declared here on type '{ select?: ArticuloSelect<DefaultArgs> | null | undefined; omit?: ArticuloOmit<DefaultArgs> | null | undefined; include?: ArticuloInclude<...> | ... 1 more ... | undefined; data: (Without<...> & ArticuloUncheckedUpdateInput) | (Without<...> & ArticuloUpdateInput); where: ArticuloWhereUniqueInput; }'
[96msrc/modulos/articulos/articulos.repository.ts[0m:[93m219[0m:[93m13[0m - [91merror[0m[90m TS2561: [0mObject literal may only specify known properties, but 'usuario_id' does not exist in type 'UsuarioSelect<DefaultArgs>'. Did you mean to write 'usuarioId'?

[7m219[0m             usuario_id: true,
[7m   [0m [91m            ~~~~~~~~~~[0m

    at createTSError (D:\aneupi-tv-backend\node_modules\ts-node\src\index.ts:859:12)
    at reportTSError (D:\aneupi-tv-backend\node_modules\ts-node\src\index.ts:863:19)
    at getOutput (D:\aneupi-tv-backend\node_modules\ts-node\src\index.ts:1077:36)
    at Object.compile (D:\aneupi-tv-backend\node_modules\ts-node\src\index.ts:1433:41)
    at Module.m._compile (D:\aneupi-tv-backend\node_modules\ts-node\src\index.ts:1617:30)
    at node:internal/modules/cjs/loader:1895:10
    at Object.require.extensions.<computed> [as .ts] (D:\aneupi-tv-backend\node_modules\ts-node\src\index.ts:1621:12)
    at Module.load (node:internal/modules/cjs/loader:1465:32)
    at Function._load (node:internal/modules/cjs/loader:1282:12)
    at TracingChannel.traceSync (node:diagnostics_channel:322:14)
2025-11-17 19:18:48 error: 	uncaughtException: ⨯ Unable to compile TypeScript:
[96msrc/modulos/articulos/articulos.repository.ts[0m:[93m21[0m:[93m9[0m - [91merror[0m[90m TS2561: [0mObject literal may only specify known properties, but 'autor_id' does not exist in type 'Without<ArticuloCreateInput, ArticuloUncheckedCreateInput> & ArticuloUncheckedCreateInput'. Did you mean to write 'autorId'?

[7m21[0m         autor_id: data.autor_id,
[7m  [0m [91m        ~~~~~~~~[0m

  [96mnode_modules/.prisma/client/index.d.ts[0m:[93m7028[0m:[93m5[0m
    [7m7028[0m     data: XOR<ArticuloCreateInput, ArticuloUncheckedCreateInput>
    [7m    [0m [96m    ~~~~[0m
    The expected type comes from property 'data' which is declared here on type '{ select?: ArticuloSelect<DefaultArgs> | null | undefined; omit?: ArticuloOmit<DefaultArgs> | null | undefined; include?: ArticuloInclude<...> | ... 1 more ... | undefined; data: (Without<...> & ArticuloUncheckedCreateInput) | (Without<...> & ArticuloCreateInput); }'
[96msrc/modulos/articulos/articulos.repository.ts[0m:[93m28[0m:[93m13[0m - [91merror[0m[90m TS2561: [0mObject literal may only specify known properties, but 'usuario_id' does not exist in type 'UsuarioSelect<DefaultArgs>'. Did you mean to write 'usuarioId'?

[7m28[0m             usuario_id: true,
[7m  [0m [91m            ~~~~~~~~~~[0m
[96msrc/modulos/articulos/articulos.repository.ts[0m:[93m46[0m:[93m13[0m - [91merror[0m[90m TS2551: [0mProperty 'autor_id' does not exist on type 'ArticuloWhereInput'. Did you mean 'autorId'?

[7m46[0m       where.autor_id = filtros.autor_id;
[7m  [0m [91m            ~~~~~~~~[0m

  [96mnode_modules/.prisma/client/index.d.ts[0m:[93m17431[0m:[93m5[0m
    [7m17431[0m     autorId?: IntFilter<"Articulo"> | number
    [7m     [0m [96m    ~~~~~~~[0m
    'autorId' is declared here.
[96msrc/modulos/articulos/articulos.repository.ts[0m:[93m66[0m:[93m13[0m - [91merror[0m[90m TS2561: [0mObject literal may only specify known properties, but 'usuario_id' does not exist in type 'UsuarioSelect<DefaultArgs>'. Did you mean to write 'usuarioId'?

[7m66[0m             usuario_id: true,
[7m  [0m [91m            ~~~~~~~~~~[0m
[96msrc/modulos/articulos/articulos.repository.ts[0m:[93m81[0m:[93m9[0m - [91merror[0m[90m TS2353: [0mObject literal may only specify known properties, and 'fecha_publicacion' does not exist in type 'ArticuloOrderByWithRelationInput | ArticuloOrderByWithRelationInput[]'.

[7m81[0m         fecha_publicacion: filtros.orderBy || 'desc',
[7m  [0m [91m        ~~~~~~~~~~~~~~~~~[0m
[96msrc/modulos/articulos/articulos.repository.ts[0m:[93m88[0m:[93m16[0m - [91merror[0m[90m TS2561: [0mObject literal may only specify known properties, but 'articulo_id' does not exist in type 'ArticuloWhereUniqueInput'. Did you mean to write 'articuloId'?

[7m88[0m       where: { articulo_id: id },
[7m  [0m [91m               ~~~~~~~~~~~[0m

  [96mnode_modules/.prisma/client/index.d.ts[0m:[93m6833[0m:[93m5[0m
    [7m6833[0m     where: ArticuloWhereUniqueInput
    [7m    [0m [96m    ~~~~~[0m
    The expected type comes from property 'where' which is declared here on type '{ select?: ArticuloSelect<DefaultArgs> | null | undefined; omit?: ArticuloOmit<DefaultArgs> | null | undefined; include?: ArticuloInclude<...> | ... 1 more ... | undefined; where: ArticuloWhereUniqueInput; }'
[96msrc/modulos/articulos/articulos.repository.ts[0m:[93m92[0m:[93m13[0m - [91merror[0m[90m TS2561: [0mObject literal may only specify known properties, but 'usuario_id' does not exist in type 'UsuarioSelect<DefaultArgs>'. Did you mean to write 'usuarioId'?

[7m92[0m             usuario_id: true,
[7m  [0m [91m            ~~~~~~~~~~[0m
[96msrc/modulos/articulos/articulos.repository.ts[0m:[93m105[0m:[93m16[0m - [91merror[0m[90m TS2561: [0mObject literal may only specify known properties, but 'articulo_id' does not exist in type 'ArticuloWhereUniqueInput'. Did you mean to write 'articuloId'?

[7m105[0m       where: { articulo_id: id },
[7m   [0m [91m               ~~~~~~~~~~~[0m

  [96mnode_modules/.prisma/client/index.d.ts[0m:[93m7088[0m:[93m5[0m
    [7m7088[0m     where: ArticuloWhereUniqueInput
    [7m    [0m [96m    ~~~~~[0m
    The expected type comes from property 'where' which is declared here on type '{ select?: ArticuloSelect<DefaultArgs> | null | undefined; omit?: ArticuloOmit<DefaultArgs> | null | undefined; include?: ArticuloInclude<...> | ... 1 more ... | undefined; data: (Without<...> & ArticuloUncheckedUpdateInput) | (Without<...> & ArticuloUpdateInput); where: ArticuloWhereUniqueInput; }'
[96msrc/modulos/articulos/articulos.repository.ts[0m:[93m110[0m:[93m13[0m - [91merror[0m[90m TS2561: [0mObject literal may only specify known properties, but 'usuario_id' does not exist in type 'UsuarioSelect<DefaultArgs>'. Did you mean to write 'usuarioId'?

[7m110[0m             usuario_id: true,
[7m   [0m [91m            ~~~~~~~~~~[0m
[96msrc/modulos/articulos/articulos.repository.ts[0m:[93m122[0m:[93m16[0m - [91merror[0m[90m TS2561: [0mObject literal may only specify known properties, but 'articulo_id' does not exist in type 'ArticuloWhereUniqueInput'. Did you mean to write 'articuloId'?

[7m122[0m       where: { articulo_id: id },
[7m   [0m [91m               ~~~~~~~~~~~[0m

  [96mnode_modules/.prisma/client/index.d.ts[0m:[93m7188[0m:[93m5[0m
    [7m7188[0m     where: ArticuloWhereUniqueInput
    [7m    [0m [96m    ~~~~~[0m
    The expected type comes from property 'where' which is declared here on type '{ select?: ArticuloSelect<DefaultArgs> | null | undefined; omit?: ArticuloOmit<DefaultArgs> | null | undefined; include?: ArticuloInclude<...> | ... 1 more ... | undefined; where: ArticuloWhereUniqueInput; }'
[96msrc/modulos/articulos/articulos.repository.ts[0m:[93m128[0m:[93m16[0m - [91merror[0m[90m TS2561: [0mObject literal may only specify known properties, but 'articulo_id' does not exist in type 'ArticuloWhereUniqueInput'. Did you mean to write 'articuloId'?

[7m128[0m       where: { articulo_id: id },
[7m   [0m [91m               ~~~~~~~~~~~[0m

  [96mnode_modules/.prisma/client/index.d.ts[0m:[93m7088[0m:[93m5[0m
    [7m7088[0m     where: ArticuloWhereUniqueInput
    [7m    [0m [96m    ~~~~~[0m
    The expected type comes from property 'where' which is declared here on type '{ select?: ArticuloSelect<DefaultArgs> | null | undefined; omit?: ArticuloOmit<DefaultArgs> | null | undefined; include?: ArticuloInclude<...> | ... 1 more ... | undefined; data: (Without<...> & ArticuloUncheckedUpdateInput) | (Without<...> & ArticuloUpdateInput); where: ArticuloWhereUniqueInput; }'
[96msrc/modulos/articulos/articulos.repository.ts[0m:[93m133[0m:[93m13[0m - [91merror[0m[90m TS2561: [0mObject literal may only specify known properties, but 'usuario_id' does not exist in type 'UsuarioSelect<DefaultArgs>'. Did you mean to write 'usuarioId'?

[7m133[0m             usuario_id: true,
[7m   [0m [91m            ~~~~~~~~~~[0m
[96msrc/modulos/articulos/articulos.repository.ts[0m:[93m145[0m:[93m16[0m - [91merror[0m[90m TS2561: [0mObject literal may only specify known properties, but 'articulo_id' does not exist in type 'ArticuloWhereUniqueInput'. Did you mean to write 'articuloId'?

[7m145[0m       where: { articulo_id: id },
[7m   [0m [91m               ~~~~~~~~~~~[0m

  [96mnode_modules/.prisma/client/index.d.ts[0m:[93m7088[0m:[93m5[0m
    [7m7088[0m     where: ArticuloWhereUniqueInput
    [7m    [0m [96m    ~~~~~[0m
    The expected type comes from property 'where' which is declared here on type '{ select?: ArticuloSelect<DefaultArgs> | null | undefined; omit?: ArticuloOmit<DefaultArgs> | null | undefined; include?: ArticuloInclude<...> | ... 1 more ... | undefined; data: (Without<...> & ArticuloUncheckedUpdateInput) | (Without<...> & ArticuloUpdateInput); where: ArticuloWhereUniqueInput; }'
[96msrc/modulos/articulos/articulos.repository.ts[0m:[93m156[0m:[93m16[0m - [91merror[0m[90m TS2561: [0mObject literal may only specify known properties, but 'articulo_id' does not exist in type 'ArticuloWhereUniqueInput'. Did you mean to write 'articuloId'?

[7m156[0m       where: { articulo_id: id },
[7m   [0m [91m               ~~~~~~~~~~~[0m

  [96mnode_modules/.prisma/client/index.d.ts[0m:[93m7088[0m:[93m5[0m
    [7m7088[0m     where: ArticuloWhereUniqueInput
    [7m    [0m [96m    ~~~~~[0m
    The expected type comes from property 'where' which is declared here on type '{ select?: ArticuloSelect<DefaultArgs> | null | undefined; omit?: ArticuloOmit<DefaultArgs> | null | undefined; include?: ArticuloInclude<...> | ... 1 more ... | undefined; data: (Without<...> & ArticuloUncheckedUpdateInput) | (Without<...> & ArticuloUpdateInput); where: ArticuloWhereUniqueInput; }'
[96msrc/modulos/articulos/articulos.repository.ts[0m:[93m161[0m:[93m13[0m - [91merror[0m[90m TS2561: [0mObject literal may only specify known properties, but 'usuario_id' does not exist in type 'UsuarioSelect<DefaultArgs>'. Did you mean to write 'usuarioId'?

[7m161[0m             usuario_id: true,
[7m   [0m [91m            ~~~~~~~~~~[0m
[96msrc/modulos/articulos/articulos.repository.ts[0m:[93m180[0m:[93m13[0m - [91merror[0m[90m TS2561: [0mObject literal may only specify known properties, but 'usuario_id' does not exist in type 'UsuarioSelect<DefaultArgs>'. Did you mean to write 'usuarioId'?

[7m180[0m             usuario_id: true,
[7m   [0m [91m            ~~~~~~~~~~[0m
[96msrc/modulos/articulos/articulos.repository.ts[0m:[93m191[0m:[93m16[0m - [91merror[0m[90m TS2561: [0mObject literal may only specify known properties, but 'articulo_id' does not exist in type 'ArticuloWhereUniqueInput'. Did you mean to write 'articuloId'?

[7m191[0m       where: { articulo_id: id },
[7m   [0m [91m               ~~~~~~~~~~~[0m

  [96mnode_modules/.prisma/client/index.d.ts[0m:[93m7088[0m:[93m5[0m
    [7m7088[0m     where: ArticuloWhereUniqueInput
    [7m    [0m [96m    ~~~~~[0m
    The expected type comes from property 'where' which is declared here on type '{ select?: ArticuloSelect<DefaultArgs> | null | undefined; omit?: ArticuloOmit<DefaultArgs> | null | undefined; include?: ArticuloInclude<...> | ... 1 more ... | undefined; data: (Without<...> & ArticuloUncheckedUpdateInput) | (Without<...> & ArticuloUpdateInput); where: ArticuloWhereUniqueInput; }'
[96msrc/modulos/articulos/articulos.repository.ts[0m:[93m198[0m:[93m13[0m - [91merror[0m[90m TS2561: [0mObject literal may only specify known properties, but 'usuario_id' does not exist in type 'UsuarioSelect<DefaultArgs>'. Did you mean to write 'usuarioId'?

[7m198[0m             usuario_id: true,
[7m   [0m [91m            ~~~~~~~~~~[0m
[96msrc/modulos/articulos/articulos.repository.ts[0m:[93m210[0m:[93m16[0m - [91merror[0m[90m TS2561: [0mObject literal may only specify known properties, but 'articulo_id' does not exist in type 'ArticuloWhereUniqueInput'. Did you mean to write 'articuloId'?

[7m210[0m       where: { articulo_id: id },
[7m   [0m [91m               ~~~~~~~~~~~[0m

  [96mnode_modules/.prisma/client/index.d.ts[0m:[93m7088[0m:[93m5[0m
    [7m7088[0m     where: ArticuloWhereUniqueInput
    [7m    [0m [96m    ~~~~~[0m
    The expected type comes from property 'where' which is declared here on type '{ select?: ArticuloSelect<DefaultArgs> | null | undefined; omit?: ArticuloOmit<DefaultArgs> | null | undefined; include?: ArticuloInclude<...> | ... 1 more ... | undefined; data: (Without<...> & ArticuloUncheckedUpdateInput) | (Without<...> & ArticuloUpdateInput); where: ArticuloWhereUniqueInput; }'
[96msrc/modulos/articulos/articulos.repository.ts[0m:[93m219[0m:[93m13[0m - [91merror[0m[90m TS2561: [0mObject literal may only specify known properties, but 'usuario_id' does not exist in type 'UsuarioSelect<DefaultArgs>'. Did you mean to write 'usuarioId'?

[7m219[0m             usuario_id: true,
[7m   [0m [91m            ~~~~~~~~~~[0m

TSError: ⨯ Unable to compile TypeScript:
[96msrc/modulos/articulos/articulos.repository.ts[0m:[93m21[0m:[93m9[0m - [91merror[0m[90m TS2561: [0mObject literal may only specify known properties, but 'autor_id' does not exist in type 'Without<ArticuloCreateInput, ArticuloUncheckedCreateInput> & ArticuloUncheckedCreateInput'. Did you mean to write 'autorId'?

[7m21[0m         autor_id: data.autor_id,
[7m  [0m [91m        ~~~~~~~~[0m

  [96mnode_modules/.prisma/client/index.d.ts[0m:[93m7028[0m:[93m5[0m
    [7m7028[0m     data: XOR<ArticuloCreateInput, ArticuloUncheckedCreateInput>
    [7m    [0m [96m    ~~~~[0m
    The expected type comes from property 'data' which is declared here on type '{ select?: ArticuloSelect<DefaultArgs> | null | undefined; omit?: ArticuloOmit<DefaultArgs> | null | undefined; include?: ArticuloInclude<...> | ... 1 more ... | undefined; data: (Without<...> & ArticuloUncheckedCreateInput) | (Without<...> & ArticuloCreateInput); }'
[96msrc/modulos/articulos/articulos.repository.ts[0m:[93m28[0m:[93m13[0m - [91merror[0m[90m TS2561: [0mObject literal may only specify known properties, but 'usuario_id' does not exist in type 'UsuarioSelect<DefaultArgs>'. Did you mean to write 'usuarioId'?

[7m28[0m             usuario_id: true,
[7m  [0m [91m            ~~~~~~~~~~[0m
[96msrc/modulos/articulos/articulos.repository.ts[0m:[93m46[0m:[93m13[0m - [91merror[0m[90m TS2551: [0mProperty 'autor_id' does not exist on type 'ArticuloWhereInput'. Did you mean 'autorId'?

[7m46[0m       where.autor_id = filtros.autor_id;
[7m  [0m [91m            ~~~~~~~~[0m

  [96mnode_modules/.prisma/client/index.d.ts[0m:[93m17431[0m:[93m5[0m
    [7m17431[0m     autorId?: IntFilter<"Articulo"> | number
    [7m     [0m [96m    ~~~~~~~[0m
    'autorId' is declared here.
[96msrc/modulos/articulos/articulos.repository.ts[0m:[93m66[0m:[93m13[0m - [91merror[0m[90m TS2561: [0mObject literal may only specify known properties, but 'usuario_id' does not exist in type 'UsuarioSelect<DefaultArgs>'. Did you mean to write 'usuarioId'?

[7m66[0m             usuario_id: true,
[7m  [0m [91m            ~~~~~~~~~~[0m
[96msrc/modulos/articulos/articulos.repository.ts[0m:[93m81[0m:[93m9[0m - [91merror[0m[90m TS2353: [0mObject literal may only specify known properties, and 'fecha_publicacion' does not exist in type 'ArticuloOrderByWithRelationInput | ArticuloOrderByWithRelationInput[]'.

[7m81[0m         fecha_publicacion: filtros.orderBy || 'desc',
[7m  [0m [91m        ~~~~~~~~~~~~~~~~~[0m
[96msrc/modulos/articulos/articulos.repository.ts[0m:[93m88[0m:[93m16[0m - [91merror[0m[90m TS2561: [0mObject literal may only specify known properties, but 'articulo_id' does not exist in type 'ArticuloWhereUniqueInput'. Did you mean to write 'articuloId'?

[7m88[0m       where: { articulo_id: id },
[7m  [0m [91m               ~~~~~~~~~~~[0m

  [96mnode_modules/.prisma/client/index.d.ts[0m:[93m6833[0m:[93m5[0m
    [7m6833[0m     where: ArticuloWhereUniqueInput
    [7m    [0m [96m    ~~~~~[0m
    The expected type comes from property 'where' which is declared here on type '{ select?: ArticuloSelect<DefaultArgs> | null | undefined; omit?: ArticuloOmit<DefaultArgs> | null | undefined; include?: ArticuloInclude<...> | ... 1 more ... | undefined; where: ArticuloWhereUniqueInput; }'
[96msrc/modulos/articulos/articulos.repository.ts[0m:[93m92[0m:[93m13[0m - [91merror[0m[90m TS2561: [0mObject literal may only specify known properties, but 'usuario_id' does not exist in type 'UsuarioSelect<DefaultArgs>'. Did you mean to write 'usuarioId'?

[7m92[0m             usuario_id: true,
[7m  [0m [91m            ~~~~~~~~~~[0m
[96msrc/modulos/articulos/articulos.repository.ts[0m:[93m105[0m:[93m16[0m - [91merror[0m[90m TS2561: [0mObject literal may only specify known properties, but 'articulo_id' does not exist in type 'ArticuloWhereUniqueInput'. Did you mean to write 'articuloId'?

[7m105[0m       where: { articulo_id: id },
[7m   [0m [91m               ~~~~~~~~~~~[0m

  [96mnode_modules/.prisma/client/index.d.ts[0m:[93m7088[0m:[93m5[0m
    [7m7088[0m     where: ArticuloWhereUniqueInput
    [7m    [0m [96m    ~~~~~[0m
    The expected type comes from property 'where' which is declared here on type '{ select?: ArticuloSelect<DefaultArgs> | null | undefined; omit?: ArticuloOmit<DefaultArgs> | null | undefined; include?: ArticuloInclude<...> | ... 1 more ... | undefined; data: (Without<...> & ArticuloUncheckedUpdateInput) | (Without<...> & ArticuloUpdateInput); where: ArticuloWhereUniqueInput; }'
[96msrc/modulos/articulos/articulos.repository.ts[0m:[93m110[0m:[93m13[0m - [91merror[0m[90m TS2561: [0mObject literal may only specify known properties, but 'usuario_id' does not exist in type 'UsuarioSelect<DefaultArgs>'. Did you mean to write 'usuarioId'?

[7m110[0m             usuario_id: true,
[7m   [0m [91m            ~~~~~~~~~~[0m
[96msrc/modulos/articulos/articulos.repository.ts[0m:[93m122[0m:[93m16[0m - [91merror[0m[90m TS2561: [0mObject literal may only specify known properties, but 'articulo_id' does not exist in type 'ArticuloWhereUniqueInput'. Did you mean to write 'articuloId'?

[7m122[0m       where: { articulo_id: id },
[7m   [0m [91m               ~~~~~~~~~~~[0m

  [96mnode_modules/.prisma/client/index.d.ts[0m:[93m7188[0m:[93m5[0m
    [7m7188[0m     where: ArticuloWhereUniqueInput
    [7m    [0m [96m    ~~~~~[0m
    The expected type comes from property 'where' which is declared here on type '{ select?: ArticuloSelect<DefaultArgs> | null | undefined; omit?: ArticuloOmit<DefaultArgs> | null | undefined; include?: ArticuloInclude<...> | ... 1 more ... | undefined; where: ArticuloWhereUniqueInput; }'
[96msrc/modulos/articulos/articulos.repository.ts[0m:[93m128[0m:[93m16[0m - [91merror[0m[90m TS2561: [0mObject literal may only specify known properties, but 'articulo_id' does not exist in type 'ArticuloWhereUniqueInput'. Did you mean to write 'articuloId'?

[7m128[0m       where: { articulo_id: id },
[7m   [0m [91m               ~~~~~~~~~~~[0m

  [96mnode_modules/.prisma/client/index.d.ts[0m:[93m7088[0m:[93m5[0m
    [7m7088[0m     where: ArticuloWhereUniqueInput
    [7m    [0m [96m    ~~~~~[0m
    The expected type comes from property 'where' which is declared here on type '{ select?: ArticuloSelect<DefaultArgs> | null | undefined; omit?: ArticuloOmit<DefaultArgs> | null | undefined; include?: ArticuloInclude<...> | ... 1 more ... | undefined; data: (Without<...> & ArticuloUncheckedUpdateInput) | (Without<...> & ArticuloUpdateInput); where: ArticuloWhereUniqueInput; }'
[96msrc/modulos/articulos/articulos.repository.ts[0m:[93m133[0m:[93m13[0m - [91merror[0m[90m TS2561: [0mObject literal may only specify known properties, but 'usuario_id' does not exist in type 'UsuarioSelect<DefaultArgs>'. Did you mean to write 'usuarioId'?

[7m133[0m             usuario_id: true,
[7m   [0m [91m            ~~~~~~~~~~[0m
[96msrc/modulos/articulos/articulos.repository.ts[0m:[93m145[0m:[93m16[0m - [91merror[0m[90m TS2561: [0mObject literal may only specify known properties, but 'articulo_id' does not exist in type 'ArticuloWhereUniqueInput'. Did you mean to write 'articuloId'?

[7m145[0m       where: { articulo_id: id },
[7m   [0m [91m               ~~~~~~~~~~~[0m

  [96mnode_modules/.prisma/client/index.d.ts[0m:[93m7088[0m:[93m5[0m
    [7m7088[0m     where: ArticuloWhereUniqueInput
    [7m    [0m [96m    ~~~~~[0m
    The expected type comes from property 'where' which is declared here on type '{ select?: ArticuloSelect<DefaultArgs> | null | undefined; omit?: ArticuloOmit<DefaultArgs> | null | undefined; include?: ArticuloInclude<...> | ... 1 more ... | undefined; data: (Without<...> & ArticuloUncheckedUpdateInput) | (Without<...> & ArticuloUpdateInput); where: ArticuloWhereUniqueInput; }'
[96msrc/modulos/articulos/articulos.repository.ts[0m:[93m156[0m:[93m16[0m - [91merror[0m[90m TS2561: [0mObject literal may only specify known properties, but 'articulo_id' does not exist in type 'ArticuloWhereUniqueInput'. Did you mean to write 'articuloId'?

[7m156[0m       where: { articulo_id: id },
[7m   [0m [91m               ~~~~~~~~~~~[0m

  [96mnode_modules/.prisma/client/index.d.ts[0m:[93m7088[0m:[93m5[0m
    [7m7088[0m     where: ArticuloWhereUniqueInput
    [7m    [0m [96m    ~~~~~[0m
    The expected type comes from property 'where' which is declared here on type '{ select?: ArticuloSelect<DefaultArgs> | null | undefined; omit?: ArticuloOmit<DefaultArgs> | null | undefined; include?: ArticuloInclude<...> | ... 1 more ... | undefined; data: (Without<...> & ArticuloUncheckedUpdateInput) | (Without<...> & ArticuloUpdateInput); where: ArticuloWhereUniqueInput; }'
[96msrc/modulos/articulos/articulos.repository.ts[0m:[93m161[0m:[93m13[0m - [91merror[0m[90m TS2561: [0mObject literal may only specify known properties, but 'usuario_id' does not exist in type 'UsuarioSelect<DefaultArgs>'. Did you mean to write 'usuarioId'?

[7m161[0m             usuario_id: true,
[7m   [0m [91m            ~~~~~~~~~~[0m
[96msrc/modulos/articulos/articulos.repository.ts[0m:[93m180[0m:[93m13[0m - [91merror[0m[90m TS2561: [0mObject literal may only specify known properties, but 'usuario_id' does not exist in type 'UsuarioSelect<DefaultArgs>'. Did you mean to write 'usuarioId'?

[7m180[0m             usuario_id: true,
[7m   [0m [91m            ~~~~~~~~~~[0m
[96msrc/modulos/articulos/articulos.repository.ts[0m:[93m191[0m:[93m16[0m - [91merror[0m[90m TS2561: [0mObject literal may only specify known properties, but 'articulo_id' does not exist in type 'ArticuloWhereUniqueInput'. Did you mean to write 'articuloId'?

[7m191[0m       where: { articulo_id: id },
[7m   [0m [91m               ~~~~~~~~~~~[0m

  [96mnode_modules/.prisma/client/index.d.ts[0m:[93m7088[0m:[93m5[0m
    [7m7088[0m     where: ArticuloWhereUniqueInput
    [7m    [0m [96m    ~~~~~[0m
    The expected type comes from property 'where' which is declared here on type '{ select?: ArticuloSelect<DefaultArgs> | null | undefined; omit?: ArticuloOmit<DefaultArgs> | null | undefined; include?: ArticuloInclude<...> | ... 1 more ... | undefined; data: (Without<...> & ArticuloUncheckedUpdateInput) | (Without<...> & ArticuloUpdateInput); where: ArticuloWhereUniqueInput; }'
[96msrc/modulos/articulos/articulos.repository.ts[0m:[93m198[0m:[93m13[0m - [91merror[0m[90m TS2561: [0mObject literal may only specify known properties, but 'usuario_id' does not exist in type 'UsuarioSelect<DefaultArgs>'. Did you mean to write 'usuarioId'?

[7m198[0m             usuario_id: true,
[7m   [0m [91m            ~~~~~~~~~~[0m
[96msrc/modulos/articulos/articulos.repository.ts[0m:[93m210[0m:[93m16[0m - [91merror[0m[90m TS2561: [0mObject literal may only specify known properties, but 'articulo_id' does not exist in type 'ArticuloWhereUniqueInput'. Did you mean to write 'articuloId'?

[7m210[0m       where: { articulo_id: id },
[7m   [0m [91m               ~~~~~~~~~~~[0m

  [96mnode_modules/.prisma/client/index.d.ts[0m:[93m7088[0m:[93m5[0m
    [7m7088[0m     where: ArticuloWhereUniqueInput
    [7m    [0m [96m    ~~~~~[0m
    The expected type comes from property 'where' which is declared here on type '{ select?: ArticuloSelect<DefaultArgs> | null | undefined; omit?: ArticuloOmit<DefaultArgs> | null | undefined; include?: ArticuloInclude<...> | ... 1 more ... | undefined; data: (Without<...> & ArticuloUncheckedUpdateInput) | (Without<...> & ArticuloUpdateInput); where: ArticuloWhereUniqueInput; }'
[96msrc/modulos/articulos/articulos.repository.ts[0m:[93m219[0m:[93m13[0m - [91merror[0m[90m TS2561: [0mObject literal may only specify known properties, but 'usuario_id' does not exist in type 'UsuarioSelect<DefaultArgs>'. Did you mean to write 'usuarioId'?

[7m219[0m             usuario_id: true,
[7m   [0m [91m            ~~~~~~~~~~[0m

    at createTSError (D:\aneupi-tv-backend\node_modules\ts-node\src\index.ts:859:12)
    at reportTSError (D:\aneupi-tv-backend\node_modules\ts-node\src\index.ts:863:19)
    at getOutput (D:\aneupi-tv-backend\node_modules\ts-node\src\index.ts:1077:36)
    at Object.compile (D:\aneupi-tv-backend\node_modules\ts-node\src\index.ts:1433:41)
    at Module.m._compile (D:\aneupi-tv-backend\node_modules\ts-node\src\index.ts:1617:30)
    at node:internal/modules/cjs/loader:1895:10
    at Object.require.extensions.<computed> [as .ts] (D:\aneupi-tv-backend\node_modules\ts-node\src\index.ts:1621:12)
    at Module.load (node:internal/modules/cjs/loader:1465:32)
    at Function._load (node:internal/modules/cjs/loader:1282:12)
    at TracingChannel.traceSync (node:diagnostics_channel:322:14)
2025-11-17 19:20:44 error: 	uncaughtException: ⨯ Unable to compile TypeScript:
[96msrc/modulos/articulos/articulos.service.ts[0m:[93m55[0m:[93m66[0m - [91merror[0m[90m TS2345: [0mArgument of type '{ categoria: { categoriaId: number; nombre: string; }; autor: { usuarioId: number; nombre_completo: string; email: string; }; _count: { comentarios: number; }; } & { titulo: string; url_imagen: string; ... 9 more ...; tiempo_lectura: number; }' is not assignable to parameter of type '{ articulo_id: number; }'.
  Property 'articulo_id' is missing in type '{ categoria: { categoriaId: number; nombre: string; }; autor: { usuarioId: number; nombre_completo: string; email: string; }; _count: { comentarios: number; }; } & { titulo: string; url_imagen: string; ... 9 more ...; tiempo_lectura: number; }' but required in type '{ articulo_id: number; }'.

[7m55[0m       return articulos.map((articulo) => this.adjuntarReacciones(articulo));
[7m  [0m [91m                                                                 ~~~~~~~~[0m

  [96msrc/modulos/articulos/articulos.service.ts[0m:[93m29[0m:[93m42[0m
    [7m29[0m   private adjuntarReacciones<T extends { articulo_id: number }>(
    [7m  [0m [96m                                         ~~~~~~~~~~~[0m
    'articulo_id' is declared here.
[96msrc/modulos/articulos/articulos.service.ts[0m:[93m58[0m:[93m48[0m - [91merror[0m[90m TS2551: [0mProperty 'articulo_id' does not exist on type '{ categoria: { categoriaId: number; nombre: string; }; autor: { usuarioId: number; nombre_completo: string; email: string; }; _count: { comentarios: number; }; } & { titulo: string; url_imagen: string; ... 9 more ...; tiempo_lectura: number; }'. Did you mean 'articuloId'?

[7m58[0m     const articuloIds = articulos.map((a) => a.articulo_id);
[7m  [0m [91m                                               ~~~~~~~~~~~[0m
[96msrc/modulos/articulos/articulos.service.ts[0m:[93m65[0m:[93m31[0m - [91merror[0m[90m TS2345: [0mArgument of type '{ categoria: { categoriaId: number; nombre: string; }; autor: { usuarioId: number; nombre_completo: string; email: string; }; _count: { comentarios: number; }; } & { titulo: string; url_imagen: string; ... 9 more ...; tiempo_lectura: number; }' is not assignable to parameter of type '{ articulo_id: number; }'.
  Property 'articulo_id' is missing in type '{ categoria: { categoriaId: number; nombre: string; }; autor: { usuarioId: number; nombre_completo: string; email: string; }; _count: { comentarios: number; }; } & { titulo: string; url_imagen: string; ... 9 more ...; tiempo_lectura: number; }' but required in type '{ articulo_id: number; }'.

[7m65[0m       this.adjuntarReacciones(articulo, conteos[articulo.articulo_id])
[7m  [0m [91m                              ~~~~~~~~[0m

  [96msrc/modulos/articulos/articulos.service.ts[0m:[93m29[0m:[93m42[0m
    [7m29[0m   private adjuntarReacciones<T extends { articulo_id: number }>(
    [7m  [0m [96m                                         ~~~~~~~~~~~[0m
    'articulo_id' is declared here.
[96msrc/modulos/articulos/articulos.service.ts[0m:[93m65[0m:[93m58[0m - [91merror[0m[90m TS2551: [0mProperty 'articulo_id' does not exist on type '{ categoria: { categoriaId: number; nombre: string; }; autor: { usuarioId: number; nombre_completo: string; email: string; }; _count: { comentarios: number; }; } & { titulo: string; url_imagen: string; ... 9 more ...; tiempo_lectura: number; }'. Did you mean 'articuloId'?

[7m65[0m       this.adjuntarReacciones(articulo, conteos[articulo.articulo_id])
[7m  [0m [91m                                                         ~~~~~~~~~~~[0m
[96msrc/modulos/articulos/articulos.service.ts[0m:[93m79[0m:[93m38[0m - [91merror[0m[90m TS2345: [0mArgument of type '{ categoria: { categoriaId: number; nombre: string; }; autor: { usuarioId: number; nombre_completo: string; email: string; rol: string; }; } & { titulo: string; url_imagen: string; url_preview_imagen: string; ... 8 more ...; tiempo_lectura: number; }' is not assignable to parameter of type '{ articulo_id: number; }'.
  Property 'articulo_id' is missing in type '{ categoria: { categoriaId: number; nombre: string; }; autor: { usuarioId: number; nombre_completo: string; email: string; rol: string; }; } & { titulo: string; url_imagen: string; url_preview_imagen: string; ... 8 more ...; tiempo_lectura: number; }' but required in type '{ articulo_id: number; }'.

[7m79[0m       return this.adjuntarReacciones(articulo);
[7m  [0m [91m                                     ~~~~~~~~[0m

  [96msrc/modulos/articulos/articulos.service.ts[0m:[93m29[0m:[93m42[0m
    [7m29[0m   private adjuntarReacciones<T extends { articulo_id: number }>(
    [7m  [0m [96m                                         ~~~~~~~~~~~[0m
    'articulo_id' is declared here.
[96msrc/modulos/articulos/articulos.service.ts[0m:[93m183[0m:[93m66[0m - [91merror[0m[90m TS2345: [0mArgument of type '{ categoria: { categoriaId: number; nombre: string; }; autor: { usuarioId: number; nombre_completo: string; }; } & { titulo: string; url_imagen: string; url_preview_imagen: string; estado: EstadoNoticia; ... 7 more ...; tiempo_lectura: number; }' is not assignable to parameter of type '{ articulo_id: number; }'.
  Property 'articulo_id' is missing in type '{ categoria: { categoriaId: number; nombre: string; }; autor: { usuarioId: number; nombre_completo: string; }; } & { titulo: string; url_imagen: string; url_preview_imagen: string; estado: EstadoNoticia; ... 7 more ...; tiempo_lectura: number; }' but required in type '{ articulo_id: number; }'.

[7m183[0m       return articulos.map((articulo) => this.adjuntarReacciones(articulo));
[7m   [0m [91m                                                                 ~~~~~~~~[0m

  [96msrc/modulos/articulos/articulos.service.ts[0m:[93m29[0m:[93m42[0m
    [7m29[0m   private adjuntarReacciones<T extends { articulo_id: number }>(
    [7m  [0m [96m                                         ~~~~~~~~~~~[0m
    'articulo_id' is declared here.
[96msrc/modulos/articulos/articulos.service.ts[0m:[93m186[0m:[93m48[0m - [91merror[0m[90m TS2551: [0mProperty 'articulo_id' does not exist on type '{ categoria: { categoriaId: number; nombre: string; }; autor: { usuarioId: number; nombre_completo: string; }; } & { titulo: string; url_imagen: string; url_preview_imagen: string; estado: EstadoNoticia; ... 7 more ...; tiempo_lectura: number; }'. Did you mean 'articuloId'?

[7m186[0m     const articuloIds = articulos.map((a) => a.articulo_id);
[7m   [0m [91m                                               ~~~~~~~~~~~[0m
[96msrc/modulos/articulos/articulos.service.ts[0m:[93m193[0m:[93m31[0m - [91merror[0m[90m TS2345: [0mArgument of type '{ categoria: { categoriaId: number; nombre: string; }; autor: { usuarioId: number; nombre_completo: string; }; } & { titulo: string; url_imagen: string; url_preview_imagen: string; estado: EstadoNoticia; ... 7 more ...; tiempo_lectura: number; }' is not assignable to parameter of type '{ articulo_id: number; }'.
  Property 'articulo_id' is missing in type '{ categoria: { categoriaId: number; nombre: string; }; autor: { usuarioId: number; nombre_completo: string; }; } & { titulo: string; url_imagen: string; url_preview_imagen: string; estado: EstadoNoticia; ... 7 more ...; tiempo_lectura: number; }' but required in type '{ articulo_id: number; }'.

[7m193[0m       this.adjuntarReacciones(articulo, conteos[articulo.articulo_id])
[7m   [0m [91m                              ~~~~~~~~[0m

  [96msrc/modulos/articulos/articulos.service.ts[0m:[93m29[0m:[93m42[0m
    [7m29[0m   private adjuntarReacciones<T extends { articulo_id: number }>(
    [7m  [0m [96m                                         ~~~~~~~~~~~[0m
    'articulo_id' is declared here.
[96msrc/modulos/articulos/articulos.service.ts[0m:[93m193[0m:[93m58[0m - [91merror[0m[90m TS2551: [0mProperty 'articulo_id' does not exist on type '{ categoria: { categoriaId: number; nombre: string; }; autor: { usuarioId: number; nombre_completo: string; }; } & { titulo: string; url_imagen: string; url_preview_imagen: string; estado: EstadoNoticia; ... 7 more ...; tiempo_lectura: number; }'. Did you mean 'articuloId'?

[7m193[0m       this.adjuntarReacciones(articulo, conteos[articulo.articulo_id])
[7m   [0m [91m                                                         ~~~~~~~~~~~[0m

TSError: ⨯ Unable to compile TypeScript:
[96msrc/modulos/articulos/articulos.service.ts[0m:[93m55[0m:[93m66[0m - [91merror[0m[90m TS2345: [0mArgument of type '{ categoria: { categoriaId: number; nombre: string; }; autor: { usuarioId: number; nombre_completo: string; email: string; }; _count: { comentarios: number; }; } & { titulo: string; url_imagen: string; ... 9 more ...; tiempo_lectura: number; }' is not assignable to parameter of type '{ articulo_id: number; }'.
  Property 'articulo_id' is missing in type '{ categoria: { categoriaId: number; nombre: string; }; autor: { usuarioId: number; nombre_completo: string; email: string; }; _count: { comentarios: number; }; } & { titulo: string; url_imagen: string; ... 9 more ...; tiempo_lectura: number; }' but required in type '{ articulo_id: number; }'.

[7m55[0m       return articulos.map((articulo) => this.adjuntarReacciones(articulo));
[7m  [0m [91m                                                                 ~~~~~~~~[0m

  [96msrc/modulos/articulos/articulos.service.ts[0m:[93m29[0m:[93m42[0m
    [7m29[0m   private adjuntarReacciones<T extends { articulo_id: number }>(
    [7m  [0m [96m                                         ~~~~~~~~~~~[0m
    'articulo_id' is declared here.
[96msrc/modulos/articulos/articulos.service.ts[0m:[93m58[0m:[93m48[0m - [91merror[0m[90m TS2551: [0mProperty 'articulo_id' does not exist on type '{ categoria: { categoriaId: number; nombre: string; }; autor: { usuarioId: number; nombre_completo: string; email: string; }; _count: { comentarios: number; }; } & { titulo: string; url_imagen: string; ... 9 more ...; tiempo_lectura: number; }'. Did you mean 'articuloId'?

[7m58[0m     const articuloIds = articulos.map((a) => a.articulo_id);
[7m  [0m [91m                                               ~~~~~~~~~~~[0m
[96msrc/modulos/articulos/articulos.service.ts[0m:[93m65[0m:[93m31[0m - [91merror[0m[90m TS2345: [0mArgument of type '{ categoria: { categoriaId: number; nombre: string; }; autor: { usuarioId: number; nombre_completo: string; email: string; }; _count: { comentarios: number; }; } & { titulo: string; url_imagen: string; ... 9 more ...; tiempo_lectura: number; }' is not assignable to parameter of type '{ articulo_id: number; }'.
  Property 'articulo_id' is missing in type '{ categoria: { categoriaId: number; nombre: string; }; autor: { usuarioId: number; nombre_completo: string; email: string; }; _count: { comentarios: number; }; } & { titulo: string; url_imagen: string; ... 9 more ...; tiempo_lectura: number; }' but required in type '{ articulo_id: number; }'.

[7m65[0m       this.adjuntarReacciones(articulo, conteos[articulo.articulo_id])
[7m  [0m [91m                              ~~~~~~~~[0m

  [96msrc/modulos/articulos/articulos.service.ts[0m:[93m29[0m:[93m42[0m
    [7m29[0m   private adjuntarReacciones<T extends { articulo_id: number }>(
    [7m  [0m [96m                                         ~~~~~~~~~~~[0m
    'articulo_id' is declared here.
[96msrc/modulos/articulos/articulos.service.ts[0m:[93m65[0m:[93m58[0m - [91merror[0m[90m TS2551: [0mProperty 'articulo_id' does not exist on type '{ categoria: { categoriaId: number; nombre: string; }; autor: { usuarioId: number; nombre_completo: string; email: string; }; _count: { comentarios: number; }; } & { titulo: string; url_imagen: string; ... 9 more ...; tiempo_lectura: number; }'. Did you mean 'articuloId'?

[7m65[0m       this.adjuntarReacciones(articulo, conteos[articulo.articulo_id])
[7m  [0m [91m                                                         ~~~~~~~~~~~[0m
[96msrc/modulos/articulos/articulos.service.ts[0m:[93m79[0m:[93m38[0m - [91merror[0m[90m TS2345: [0mArgument of type '{ categoria: { categoriaId: number; nombre: string; }; autor: { usuarioId: number; nombre_completo: string; email: string; rol: string; }; } & { titulo: string; url_imagen: string; url_preview_imagen: string; ... 8 more ...; tiempo_lectura: number; }' is not assignable to parameter of type '{ articulo_id: number; }'.
  Property 'articulo_id' is missing in type '{ categoria: { categoriaId: number; nombre: string; }; autor: { usuarioId: number; nombre_completo: string; email: string; rol: string; }; } & { titulo: string; url_imagen: string; url_preview_imagen: string; ... 8 more ...; tiempo_lectura: number; }' but required in type '{ articulo_id: number; }'.

[7m79[0m       return this.adjuntarReacciones(articulo);
[7m  [0m [91m                                     ~~~~~~~~[0m

  [96msrc/modulos/articulos/articulos.service.ts[0m:[93m29[0m:[93m42[0m
    [7m29[0m   private adjuntarReacciones<T extends { articulo_id: number }>(
    [7m  [0m [96m                                         ~~~~~~~~~~~[0m
    'articulo_id' is declared here.
[96msrc/modulos/articulos/articulos.service.ts[0m:[93m183[0m:[93m66[0m - [91merror[0m[90m TS2345: [0mArgument of type '{ categoria: { categoriaId: number; nombre: string; }; autor: { usuarioId: number; nombre_completo: string; }; } & { titulo: string; url_imagen: string; url_preview_imagen: string; estado: EstadoNoticia; ... 7 more ...; tiempo_lectura: number; }' is not assignable to parameter of type '{ articulo_id: number; }'.
  Property 'articulo_id' is missing in type '{ categoria: { categoriaId: number; nombre: string; }; autor: { usuarioId: number; nombre_completo: string; }; } & { titulo: string; url_imagen: string; url_preview_imagen: string; estado: EstadoNoticia; ... 7 more ...; tiempo_lectura: number; }' but required in type '{ articulo_id: number; }'.

[7m183[0m       return articulos.map((articulo) => this.adjuntarReacciones(articulo));
[7m   [0m [91m                                                                 ~~~~~~~~[0m

  [96msrc/modulos/articulos/articulos.service.ts[0m:[93m29[0m:[93m42[0m
    [7m29[0m   private adjuntarReacciones<T extends { articulo_id: number }>(
    [7m  [0m [96m                                         ~~~~~~~~~~~[0m
    'articulo_id' is declared here.
[96msrc/modulos/articulos/articulos.service.ts[0m:[93m186[0m:[93m48[0m - [91merror[0m[90m TS2551: [0mProperty 'articulo_id' does not exist on type '{ categoria: { categoriaId: number; nombre: string; }; autor: { usuarioId: number; nombre_completo: string; }; } & { titulo: string; url_imagen: string; url_preview_imagen: string; estado: EstadoNoticia; ... 7 more ...; tiempo_lectura: number; }'. Did you mean 'articuloId'?

[7m186[0m     const articuloIds = articulos.map((a) => a.articulo_id);
[7m   [0m [91m                                               ~~~~~~~~~~~[0m
[96msrc/modulos/articulos/articulos.service.ts[0m:[93m193[0m:[93m31[0m - [91merror[0m[90m TS2345: [0mArgument of type '{ categoria: { categoriaId: number; nombre: string; }; autor: { usuarioId: number; nombre_completo: string; }; } & { titulo: string; url_imagen: string; url_preview_imagen: string; estado: EstadoNoticia; ... 7 more ...; tiempo_lectura: number; }' is not assignable to parameter of type '{ articulo_id: number; }'.
  Property 'articulo_id' is missing in type '{ categoria: { categoriaId: number; nombre: string; }; autor: { usuarioId: number; nombre_completo: string; }; } & { titulo: string; url_imagen: string; url_preview_imagen: string; estado: EstadoNoticia; ... 7 more ...; tiempo_lectura: number; }' but required in type '{ articulo_id: number; }'.

[7m193[0m       this.adjuntarReacciones(articulo, conteos[articulo.articulo_id])
[7m   [0m [91m                              ~~~~~~~~[0m

  [96msrc/modulos/articulos/articulos.service.ts[0m:[93m29[0m:[93m42[0m
    [7m29[0m   private adjuntarReacciones<T extends { articulo_id: number }>(
    [7m  [0m [96m                                         ~~~~~~~~~~~[0m
    'articulo_id' is declared here.
[96msrc/modulos/articulos/articulos.service.ts[0m:[93m193[0m:[93m58[0m - [91merror[0m[90m TS2551: [0mProperty 'articulo_id' does not exist on type '{ categoria: { categoriaId: number; nombre: string; }; autor: { usuarioId: number; nombre_completo: string; }; } & { titulo: string; url_imagen: string; url_preview_imagen: string; estado: EstadoNoticia; ... 7 more ...; tiempo_lectura: number; }'. Did you mean 'articuloId'?

[7m193[0m       this.adjuntarReacciones(articulo, conteos[articulo.articulo_id])
[7m   [0m [91m                                                         ~~~~~~~~~~~[0m

    at createTSError (D:\aneupi-tv-backend\node_modules\ts-node\src\index.ts:859:12)
    at reportTSError (D:\aneupi-tv-backend\node_modules\ts-node\src\index.ts:863:19)
    at getOutput (D:\aneupi-tv-backend\node_modules\ts-node\src\index.ts:1077:36)
    at Object.compile (D:\aneupi-tv-backend\node_modules\ts-node\src\index.ts:1433:41)
    at Module.m._compile (D:\aneupi-tv-backend\node_modules\ts-node\src\index.ts:1617:30)
    at node:internal/modules/cjs/loader:1895:10
    at Object.require.extensions.<computed> [as .ts] (D:\aneupi-tv-backend\node_modules\ts-node\src\index.ts:1621:12)
    at Module.load (node:internal/modules/cjs/loader:1465:32)
    at Function._load (node:internal/modules/cjs/loader:1282:12)
    at TracingChannel.traceSync (node:diagnostics_channel:322:14)
2025-11-17 19:24:43 error: 	uncaughtException: ⨯ Unable to compile TypeScript:
[96msrc/modulos/noticias/noticias.repository.ts[0m:[93m3[0m:[93m32[0m - [91merror[0m[90m TS2305: [0mModule '"@prisma/client"' has no exported member 'EstadoNoticia'.

[7m3[0m import { PrismaClient, Prisma, EstadoNoticia } from '@prisma/client';
[7m [0m [91m                               ~~~~~~~~~~~~~[0m
[96msrc/modulos/noticias/noticias.repository.ts[0m:[93m35[0m:[93m25[0m - [91merror[0m[90m TS2694: [0mNamespace '"D:/aneupi-tv-backend/node_modules/.prisma/client/default".Prisma' has no exported member 'NoticiaWhereInput'.

[7m35[0m     const where: Prisma.NoticiaWhereInput = {};
[7m  [0m [91m                        ~~~~~~~~~~~~~~~~~[0m

TSError: ⨯ Unable to compile TypeScript:
[96msrc/modulos/noticias/noticias.repository.ts[0m:[93m3[0m:[93m32[0m - [91merror[0m[90m TS2305: [0mModule '"@prisma/client"' has no exported member 'EstadoNoticia'.

[7m3[0m import { PrismaClient, Prisma, EstadoNoticia } from '@prisma/client';
[7m [0m [91m                               ~~~~~~~~~~~~~[0m
[96msrc/modulos/noticias/noticias.repository.ts[0m:[93m35[0m:[93m25[0m - [91merror[0m[90m TS2694: [0mNamespace '"D:/aneupi-tv-backend/node_modules/.prisma/client/default".Prisma' has no exported member 'NoticiaWhereInput'.

[7m35[0m     const where: Prisma.NoticiaWhereInput = {};
[7m  [0m [91m                        ~~~~~~~~~~~~~~~~~[0m

    at createTSError (D:\aneupi-tv-backend\node_modules\ts-node\src\index.ts:859:12)
    at reportTSError (D:\aneupi-tv-backend\node_modules\ts-node\src\index.ts:863:19)
    at getOutput (D:\aneupi-tv-backend\node_modules\ts-node\src\index.ts:1077:36)
    at Object.compile (D:\aneupi-tv-backend\node_modules\ts-node\src\index.ts:1433:41)
    at Module.m._compile (D:\aneupi-tv-backend\node_modules\ts-node\src\index.ts:1617:30)
    at node:internal/modules/cjs/loader:1895:10
    at Object.require.extensions.<computed> [as .ts] (D:\aneupi-tv-backend\node_modules\ts-node\src\index.ts:1621:12)
    at Module.load (node:internal/modules/cjs/loader:1465:32)
    at Function._load (node:internal/modules/cjs/loader:1282:12)
    at TracingChannel.traceSync (node:diagnostics_channel:322:14)
2025-11-17 19:25:08 error: 	uncaughtException: ⨯ Unable to compile TypeScript:
[96msrc/modulos/reacciones/reacciones.repository.ts[0m:[93m64[0m:[93m25[0m - [91merror[0m[90m TS7006: [0mParameter 'r' implicitly has an 'any' type.

[7m64[0m     reacciones.forEach((r) => {
[7m  [0m [91m                        ~[0m

TSError: ⨯ Unable to compile TypeScript:
[96msrc/modulos/reacciones/reacciones.repository.ts[0m:[93m64[0m:[93m25[0m - [91merror[0m[90m TS7006: [0mParameter 'r' implicitly has an 'any' type.

[7m64[0m     reacciones.forEach((r) => {
[7m  [0m [91m                        ~[0m

    at createTSError (D:\aneupi-tv-backend\node_modules\ts-node\src\index.ts:859:12)
    at reportTSError (D:\aneupi-tv-backend\node_modules\ts-node\src\index.ts:863:19)
    at getOutput (D:\aneupi-tv-backend\node_modules\ts-node\src\index.ts:1077:36)
    at Object.compile (D:\aneupi-tv-backend\node_modules\ts-node\src\index.ts:1433:41)
    at Module.m._compile (D:\aneupi-tv-backend\node_modules\ts-node\src\index.ts:1617:30)
    at node:internal/modules/cjs/loader:1895:10
    at Object.require.extensions.<computed> [as .ts] (D:\aneupi-tv-backend\node_modules\ts-node\src\index.ts:1621:12)
    at Module.load (node:internal/modules/cjs/loader:1465:32)
    at Function._load (node:internal/modules/cjs/loader:1282:12)
    at TracingChannel.traceSync (node:diagnostics_channel:322:14)
2025-11-17 19:26:03 error: 	uncaughtException: ⨯ Unable to compile TypeScript:
[96msrc/modulos/reacciones/reacciones.repository.ts[0m:[93m29[0m:[93m7[0m - [91merror[0m[90m TS2322: [0mType '{ [x: string]: { [x: string]: number; usuarioId: number; }; }' is not assignable to type 'ReaccionContenidoWhereUniqueInput'.
  Type '{ [x: string]: { [x: string]: number; usuarioId: number; }; }' is not assignable to type '{ reaccionId: number; unique_usuario_noticia: ReaccionContenidoUnique_usuario_noticiaCompoundUniqueInput; unique_usuario_articulo: ReaccionContenidoUnique_usuario_articuloCompoundUniqueInput; unique_usuario_comentario_noticia: ReaccionContenidoUnique_usuario_comentario_noticiaCompoundUniqueInput; unique_usuario_come...'.
    Type '{ [x: string]: { [x: string]: number; usuarioId: number; }; }' is missing the following properties from type '{ reaccionId: number; unique_usuario_noticia: ReaccionContenidoUnique_usuario_noticiaCompoundUniqueInput; unique_usuario_articulo: ReaccionContenidoUnique_usuario_articuloCompoundUniqueInput; unique_usuario_comentario_noticia: ReaccionContenidoUnique_usuario_comentario_noticiaCompoundUniqueInput; unique_usuario_come...': reaccionId, unique_usuario_noticia, unique_usuario_articulo, unique_usuario_comentario_noticia, unique_usuario_comentario_articulo

[7m29[0m       where: whereClause,
[7m  [0m [91m      ~~~~~[0m

  [96mnode_modules/.prisma/client/index.d.ts[0m:[93m16406[0m:[93m5[0m
    [7m16406[0m     where: ReaccionContenidoWhereUniqueInput
    [7m     [0m [96m    ~~~~~[0m
    The expected type comes from property 'where' which is declared here on type '{ select?: ReaccionContenidoSelect<DefaultArgs> | null | undefined; omit?: ReaccionContenidoOmit<DefaultArgs> | null | undefined; include?: ReaccionContenidoInclude<...> | ... 1 more ... | undefined; where: ReaccionContenidoWhereUniqueInput; }'
[96msrc/modulos/reacciones/reacciones.repository.ts[0m:[93m74[0m:[93m71[0m - [91merror[0m[90m TS2322: [0mType '{ [x: string]: { [x: string]: number; usuarioId: number; }; }' is not assignable to type 'ReaccionContenidoWhereUniqueInput'.
  Type '{ [x: string]: { [x: string]: number; usuarioId: number; }; }' is not assignable to type '{ reaccionId: number; unique_usuario_noticia: ReaccionContenidoUnique_usuario_noticiaCompoundUniqueInput; unique_usuario_articulo: ReaccionContenidoUnique_usuario_articuloCompoundUniqueInput; unique_usuario_comentario_noticia: ReaccionContenidoUnique_usuario_comentario_noticiaCompoundUniqueInput; unique_usuario_come...'.
    Type '{ [x: string]: { [x: string]: number; usuarioId: number; }; }' is missing the following properties from type '{ reaccionId: number; unique_usuario_noticia: ReaccionContenidoUnique_usuario_noticiaCompoundUniqueInput; unique_usuario_articulo: ReaccionContenidoUnique_usuario_articuloCompoundUniqueInput; unique_usuario_comentario_noticia: ReaccionContenidoUnique_usuario_comentario_noticiaCompoundUniqueInput; unique_usuario_come...': reaccionId, unique_usuario_noticia, unique_usuario_articulo, unique_usuario_comentario_noticia, unique_usuario_comentario_articulo

[7m74[0m     const reaccion = await this.prisma.reaccionContenido.findUnique({ where: whereClause });
[7m  [0m [91m                                                                      ~~~~~[0m

  [96mnode_modules/.prisma/client/index.d.ts[0m:[93m16406[0m:[93m5[0m
    [7m16406[0m     where: ReaccionContenidoWhereUniqueInput
    [7m     [0m [96m    ~~~~~[0m
    The expected type comes from property 'where' which is declared here on type '{ select?: ReaccionContenidoSelect<DefaultArgs> | null | undefined; omit?: ReaccionContenidoOmit<DefaultArgs> | null | undefined; include?: ReaccionContenidoInclude<...> | ... 1 more ... | undefined; where: ReaccionContenidoWhereUniqueInput; }'

TSError: ⨯ Unable to compile TypeScript:
[96msrc/modulos/reacciones/reacciones.repository.ts[0m:[93m29[0m:[93m7[0m - [91merror[0m[90m TS2322: [0mType '{ [x: string]: { [x: string]: number; usuarioId: number; }; }' is not assignable to type 'ReaccionContenidoWhereUniqueInput'.
  Type '{ [x: string]: { [x: string]: number; usuarioId: number; }; }' is not assignable to type '{ reaccionId: number; unique_usuario_noticia: ReaccionContenidoUnique_usuario_noticiaCompoundUniqueInput; unique_usuario_articulo: ReaccionContenidoUnique_usuario_articuloCompoundUniqueInput; unique_usuario_comentario_noticia: ReaccionContenidoUnique_usuario_comentario_noticiaCompoundUniqueInput; unique_usuario_come...'.
    Type '{ [x: string]: { [x: string]: number; usuarioId: number; }; }' is missing the following properties from type '{ reaccionId: number; unique_usuario_noticia: ReaccionContenidoUnique_usuario_noticiaCompoundUniqueInput; unique_usuario_articulo: ReaccionContenidoUnique_usuario_articuloCompoundUniqueInput; unique_usuario_comentario_noticia: ReaccionContenidoUnique_usuario_comentario_noticiaCompoundUniqueInput; unique_usuario_come...': reaccionId, unique_usuario_noticia, unique_usuario_articulo, unique_usuario_comentario_noticia, unique_usuario_comentario_articulo

[7m29[0m       where: whereClause,
[7m  [0m [91m      ~~~~~[0m

  [96mnode_modules/.prisma/client/index.d.ts[0m:[93m16406[0m:[93m5[0m
    [7m16406[0m     where: ReaccionContenidoWhereUniqueInput
    [7m     [0m [96m    ~~~~~[0m
    The expected type comes from property 'where' which is declared here on type '{ select?: ReaccionContenidoSelect<DefaultArgs> | null | undefined; omit?: ReaccionContenidoOmit<DefaultArgs> | null | undefined; include?: ReaccionContenidoInclude<...> | ... 1 more ... | undefined; where: ReaccionContenidoWhereUniqueInput; }'
[96msrc/modulos/reacciones/reacciones.repository.ts[0m:[93m74[0m:[93m71[0m - [91merror[0m[90m TS2322: [0mType '{ [x: string]: { [x: string]: number; usuarioId: number; }; }' is not assignable to type 'ReaccionContenidoWhereUniqueInput'.
  Type '{ [x: string]: { [x: string]: number; usuarioId: number; }; }' is not assignable to type '{ reaccionId: number; unique_usuario_noticia: ReaccionContenidoUnique_usuario_noticiaCompoundUniqueInput; unique_usuario_articulo: ReaccionContenidoUnique_usuario_articuloCompoundUniqueInput; unique_usuario_comentario_noticia: ReaccionContenidoUnique_usuario_comentario_noticiaCompoundUniqueInput; unique_usuario_come...'.
    Type '{ [x: string]: { [x: string]: number; usuarioId: number; }; }' is missing the following properties from type '{ reaccionId: number; unique_usuario_noticia: ReaccionContenidoUnique_usuario_noticiaCompoundUniqueInput; unique_usuario_articulo: ReaccionContenidoUnique_usuario_articuloCompoundUniqueInput; unique_usuario_comentario_noticia: ReaccionContenidoUnique_usuario_comentario_noticiaCompoundUniqueInput; unique_usuario_come...': reaccionId, unique_usuario_noticia, unique_usuario_articulo, unique_usuario_comentario_noticia, unique_usuario_comentario_articulo

[7m74[0m     const reaccion = await this.prisma.reaccionContenido.findUnique({ where: whereClause });
[7m  [0m [91m                                                                      ~~~~~[0m

  [96mnode_modules/.prisma/client/index.d.ts[0m:[93m16406[0m:[93m5[0m
    [7m16406[0m     where: ReaccionContenidoWhereUniqueInput
    [7m     [0m [96m    ~~~~~[0m
    The expected type comes from property 'where' which is declared here on type '{ select?: ReaccionContenidoSelect<DefaultArgs> | null | undefined; omit?: ReaccionContenidoOmit<DefaultArgs> | null | undefined; include?: ReaccionContenidoInclude<...> | ... 1 more ... | undefined; where: ReaccionContenidoWhereUniqueInput; }'

    at createTSError (D:\aneupi-tv-backend\node_modules\ts-node\src\index.ts:859:12)
    at reportTSError (D:\aneupi-tv-backend\node_modules\ts-node\src\index.ts:863:19)
    at getOutput (D:\aneupi-tv-backend\node_modules\ts-node\src\index.ts:1077:36)
    at Object.compile (D:\aneupi-tv-backend\node_modules\ts-node\src\index.ts:1433:41)
    at Module.m._compile (D:\aneupi-tv-backend\node_modules\ts-node\src\index.ts:1617:30)
    at node:internal/modules/cjs/loader:1895:10
    at Object.require.extensions.<computed> [as .ts] (D:\aneupi-tv-backend\node_modules\ts-node\src\index.ts:1621:12)
    at Module.load (node:internal/modules/cjs/loader:1465:32)
    at Function._load (node:internal/modules/cjs/loader:1282:12)
    at TracingChannel.traceSync (node:diagnostics_channel:322:14)
2025-11-17 19:26:26 error: 	uncaughtException: ⨯ Unable to compile TypeScript:
[96msrc/modulos/reacciones/reacciones.repository.ts[0m:[93m29[0m:[93m7[0m - [91merror[0m[90m TS2322: [0mType '{ [x: string]: { [x: string]: number; usuarioId: number; }; }' is not assignable to type 'ReaccionContenidoWhereUniqueInput'.
  Type '{ [x: string]: { [x: string]: number; usuarioId: number; }; }' is not assignable to type '{ reaccionId: number; unique_usuario_noticia: ReaccionContenidoUnique_usuario_noticiaCompoundUniqueInput; unique_usuario_articulo: ReaccionContenidoUnique_usuario_articuloCompoundUniqueInput; unique_usuario_comentario_noticia: ReaccionContenidoUnique_usuario_comentario_noticiaCompoundUniqueInput; unique_usuario_come...'.
    Type '{ [x: string]: { [x: string]: number; usuarioId: number; }; }' is missing the following properties from type '{ reaccionId: number; unique_usuario_noticia: ReaccionContenidoUnique_usuario_noticiaCompoundUniqueInput; unique_usuario_articulo: ReaccionContenidoUnique_usuario_articuloCompoundUniqueInput; unique_usuario_comentario_noticia: ReaccionContenidoUnique_usuario_comentario_noticiaCompoundUniqueInput; unique_usuario_come...': reaccionId, unique_usuario_noticia, unique_usuario_articulo, unique_usuario_comentario_noticia, unique_usuario_comentario_articulo

[7m29[0m       where: whereClause,
[7m  [0m [91m      ~~~~~[0m

  [96mnode_modules/.prisma/client/index.d.ts[0m:[93m16406[0m:[93m5[0m
    [7m16406[0m     where: ReaccionContenidoWhereUniqueInput
    [7m     [0m [96m    ~~~~~[0m
    The expected type comes from property 'where' which is declared here on type '{ select?: ReaccionContenidoSelect<DefaultArgs> | null | undefined; omit?: ReaccionContenidoOmit<DefaultArgs> | null | undefined; include?: ReaccionContenidoInclude<...> | ... 1 more ... | undefined; where: ReaccionContenidoWhereUniqueInput; }'
[96msrc/modulos/reacciones/reacciones.repository.ts[0m:[93m74[0m:[93m71[0m - [91merror[0m[90m TS2322: [0mType '{ [x: string]: { [x: string]: number; usuarioId: number; }; }' is not assignable to type 'ReaccionContenidoWhereUniqueInput'.
  Type '{ [x: string]: { [x: string]: number; usuarioId: number; }; }' is not assignable to type '{ reaccionId: number; unique_usuario_noticia: ReaccionContenidoUnique_usuario_noticiaCompoundUniqueInput; unique_usuario_articulo: ReaccionContenidoUnique_usuario_articuloCompoundUniqueInput; unique_usuario_comentario_noticia: ReaccionContenidoUnique_usuario_comentario_noticiaCompoundUniqueInput; unique_usuario_come...'.
    Type '{ [x: string]: { [x: string]: number; usuarioId: number; }; }' is missing the following properties from type '{ reaccionId: number; unique_usuario_noticia: ReaccionContenidoUnique_usuario_noticiaCompoundUniqueInput; unique_usuario_articulo: ReaccionContenidoUnique_usuario_articuloCompoundUniqueInput; unique_usuario_comentario_noticia: ReaccionContenidoUnique_usuario_comentario_noticiaCompoundUniqueInput; unique_usuario_come...': reaccionId, unique_usuario_noticia, unique_usuario_articulo, unique_usuario_comentario_noticia, unique_usuario_comentario_articulo

[7m74[0m     const reaccion = await this.prisma.reaccionContenido.findUnique({ where: whereClause });
[7m  [0m [91m                                                                      ~~~~~[0m

  [96mnode_modules/.prisma/client/index.d.ts[0m:[93m16406[0m:[93m5[0m
    [7m16406[0m     where: ReaccionContenidoWhereUniqueInput
    [7m     [0m [96m    ~~~~~[0m
    The expected type comes from property 'where' which is declared here on type '{ select?: ReaccionContenidoSelect<DefaultArgs> | null | undefined; omit?: ReaccionContenidoOmit<DefaultArgs> | null | undefined; include?: ReaccionContenidoInclude<...> | ... 1 more ... | undefined; where: ReaccionContenidoWhereUniqueInput; }'

TSError: ⨯ Unable to compile TypeScript:
[96msrc/modulos/reacciones/reacciones.repository.ts[0m:[93m29[0m:[93m7[0m - [91merror[0m[90m TS2322: [0mType '{ [x: string]: { [x: string]: number; usuarioId: number; }; }' is not assignable to type 'ReaccionContenidoWhereUniqueInput'.
  Type '{ [x: string]: { [x: string]: number; usuarioId: number; }; }' is not assignable to type '{ reaccionId: number; unique_usuario_noticia: ReaccionContenidoUnique_usuario_noticiaCompoundUniqueInput; unique_usuario_articulo: ReaccionContenidoUnique_usuario_articuloCompoundUniqueInput; unique_usuario_comentario_noticia: ReaccionContenidoUnique_usuario_comentario_noticiaCompoundUniqueInput; unique_usuario_come...'.
    Type '{ [x: string]: { [x: string]: number; usuarioId: number; }; }' is missing the following properties from type '{ reaccionId: number; unique_usuario_noticia: ReaccionContenidoUnique_usuario_noticiaCompoundUniqueInput; unique_usuario_articulo: ReaccionContenidoUnique_usuario_articuloCompoundUniqueInput; unique_usuario_comentario_noticia: ReaccionContenidoUnique_usuario_comentario_noticiaCompoundUniqueInput; unique_usuario_come...': reaccionId, unique_usuario_noticia, unique_usuario_articulo, unique_usuario_comentario_noticia, unique_usuario_comentario_articulo

[7m29[0m       where: whereClause,
[7m  [0m [91m      ~~~~~[0m

  [96mnode_modules/.prisma/client/index.d.ts[0m:[93m16406[0m:[93m5[0m
    [7m16406[0m     where: ReaccionContenidoWhereUniqueInput
    [7m     [0m [96m    ~~~~~[0m
    The expected type comes from property 'where' which is declared here on type '{ select?: ReaccionContenidoSelect<DefaultArgs> | null | undefined; omit?: ReaccionContenidoOmit<DefaultArgs> | null | undefined; include?: ReaccionContenidoInclude<...> | ... 1 more ... | undefined; where: ReaccionContenidoWhereUniqueInput; }'
[96msrc/modulos/reacciones/reacciones.repository.ts[0m:[93m74[0m:[93m71[0m - [91merror[0m[90m TS2322: [0mType '{ [x: string]: { [x: string]: number; usuarioId: number; }; }' is not assignable to type 'ReaccionContenidoWhereUniqueInput'.
  Type '{ [x: string]: { [x: string]: number; usuarioId: number; }; }' is not assignable to type '{ reaccionId: number; unique_usuario_noticia: ReaccionContenidoUnique_usuario_noticiaCompoundUniqueInput; unique_usuario_articulo: ReaccionContenidoUnique_usuario_articuloCompoundUniqueInput; unique_usuario_comentario_noticia: ReaccionContenidoUnique_usuario_comentario_noticiaCompoundUniqueInput; unique_usuario_come...'.
    Type '{ [x: string]: { [x: string]: number; usuarioId: number; }; }' is missing the following properties from type '{ reaccionId: number; unique_usuario_noticia: ReaccionContenidoUnique_usuario_noticiaCompoundUniqueInput; unique_usuario_articulo: ReaccionContenidoUnique_usuario_articuloCompoundUniqueInput; unique_usuario_comentario_noticia: ReaccionContenidoUnique_usuario_comentario_noticiaCompoundUniqueInput; unique_usuario_come...': reaccionId, unique_usuario_noticia, unique_usuario_articulo, unique_usuario_comentario_noticia, unique_usuario_comentario_articulo

[7m74[0m     const reaccion = await this.prisma.reaccionContenido.findUnique({ where: whereClause });
[7m  [0m [91m                                                                      ~~~~~[0m

  [96mnode_modules/.prisma/client/index.d.ts[0m:[93m16406[0m:[93m5[0m
    [7m16406[0m     where: ReaccionContenidoWhereUniqueInput
    [7m     [0m [96m    ~~~~~[0m
    The expected type comes from property 'where' which is declared here on type '{ select?: ReaccionContenidoSelect<DefaultArgs> | null | undefined; omit?: ReaccionContenidoOmit<DefaultArgs> | null | undefined; include?: ReaccionContenidoInclude<...> | ... 1 more ... | undefined; where: ReaccionContenidoWhereUniqueInput; }'

    at createTSError (D:\aneupi-tv-backend\node_modules\ts-node\src\index.ts:859:12)
    at reportTSError (D:\aneupi-tv-backend\node_modules\ts-node\src\index.ts:863:19)
    at getOutput (D:\aneupi-tv-backend\node_modules\ts-node\src\index.ts:1077:36)
    at Object.compile (D:\aneupi-tv-backend\node_modules\ts-node\src\index.ts:1433:41)
    at Module.m._compile (D:\aneupi-tv-backend\node_modules\ts-node\src\index.ts:1617:30)
    at node:internal/modules/cjs/loader:1895:10
    at Object.require.extensions.<computed> [as .ts] (D:\aneupi-tv-backend\node_modules\ts-node\src\index.ts:1621:12)
    at Module.load (node:internal/modules/cjs/loader:1465:32)
    at Function._load (node:internal/modules/cjs/loader:1282:12)
    at TracingChannel.traceSync (node:diagnostics_channel:322:14)
2025-11-17 19:26:34 error: 	uncaughtException: ⨯ Unable to compile TypeScript:
[96msrc/modulos/reacciones/reacciones.repository.ts[0m:[93m29[0m:[93m7[0m - [91merror[0m[90m TS2322: [0mType '{ [x: string]: { [x: string]: number; usuarioId: number; }; }' is not assignable to type 'ReaccionContenidoWhereUniqueInput'.
  Type '{ [x: string]: { [x: string]: number; usuarioId: number; }; }' is not assignable to type '{ reaccionId: number; unique_usuario_noticia: ReaccionContenidoUnique_usuario_noticiaCompoundUniqueInput; unique_usuario_articulo: ReaccionContenidoUnique_usuario_articuloCompoundUniqueInput; unique_usuario_comentario_noticia: ReaccionContenidoUnique_usuario_comentario_noticiaCompoundUniqueInput; unique_usuario_come...'.
    Type '{ [x: string]: { [x: string]: number; usuarioId: number; }; }' is missing the following properties from type '{ reaccionId: number; unique_usuario_noticia: ReaccionContenidoUnique_usuario_noticiaCompoundUniqueInput; unique_usuario_articulo: ReaccionContenidoUnique_usuario_articuloCompoundUniqueInput; unique_usuario_comentario_noticia: ReaccionContenidoUnique_usuario_comentario_noticiaCompoundUniqueInput; unique_usuario_come...': reaccionId, unique_usuario_noticia, unique_usuario_articulo, unique_usuario_comentario_noticia, unique_usuario_comentario_articulo

[7m29[0m       where: whereClause,
[7m  [0m [91m      ~~~~~[0m

  [96mnode_modules/.prisma/client/index.d.ts[0m:[93m16406[0m:[93m5[0m
    [7m16406[0m     where: ReaccionContenidoWhereUniqueInput
    [7m     [0m [96m    ~~~~~[0m
    The expected type comes from property 'where' which is declared here on type '{ select?: ReaccionContenidoSelect<DefaultArgs> | null | undefined; omit?: ReaccionContenidoOmit<DefaultArgs> | null | undefined; include?: ReaccionContenidoInclude<...> | ... 1 more ... | undefined; where: ReaccionContenidoWhereUniqueInput; }'
[96msrc/modulos/reacciones/reacciones.repository.ts[0m:[93m74[0m:[93m71[0m - [91merror[0m[90m TS2322: [0mType '{ [x: string]: { [x: string]: number; usuarioId: number; }; }' is not assignable to type 'ReaccionContenidoWhereUniqueInput'.
  Type '{ [x: string]: { [x: string]: number; usuarioId: number; }; }' is not assignable to type '{ reaccionId: number; unique_usuario_noticia: ReaccionContenidoUnique_usuario_noticiaCompoundUniqueInput; unique_usuario_articulo: ReaccionContenidoUnique_usuario_articuloCompoundUniqueInput; unique_usuario_comentario_noticia: ReaccionContenidoUnique_usuario_comentario_noticiaCompoundUniqueInput; unique_usuario_come...'.
    Type '{ [x: string]: { [x: string]: number; usuarioId: number; }; }' is missing the following properties from type '{ reaccionId: number; unique_usuario_noticia: ReaccionContenidoUnique_usuario_noticiaCompoundUniqueInput; unique_usuario_articulo: ReaccionContenidoUnique_usuario_articuloCompoundUniqueInput; unique_usuario_comentario_noticia: ReaccionContenidoUnique_usuario_comentario_noticiaCompoundUniqueInput; unique_usuario_come...': reaccionId, unique_usuario_noticia, unique_usuario_articulo, unique_usuario_comentario_noticia, unique_usuario_comentario_articulo

[7m74[0m     const reaccion = await this.prisma.reaccionContenido.findUnique({ where: whereClause });
[7m  [0m [91m                                                                      ~~~~~[0m

  [96mnode_modules/.prisma/client/index.d.ts[0m:[93m16406[0m:[93m5[0m
    [7m16406[0m     where: ReaccionContenidoWhereUniqueInput
    [7m     [0m [96m    ~~~~~[0m
    The expected type comes from property 'where' which is declared here on type '{ select?: ReaccionContenidoSelect<DefaultArgs> | null | undefined; omit?: ReaccionContenidoOmit<DefaultArgs> | null | undefined; include?: ReaccionContenidoInclude<...> | ... 1 more ... | undefined; where: ReaccionContenidoWhereUniqueInput; }'

TSError: ⨯ Unable to compile TypeScript:
[96msrc/modulos/reacciones/reacciones.repository.ts[0m:[93m29[0m:[93m7[0m - [91merror[0m[90m TS2322: [0mType '{ [x: string]: { [x: string]: number; usuarioId: number; }; }' is not assignable to type 'ReaccionContenidoWhereUniqueInput'.
  Type '{ [x: string]: { [x: string]: number; usuarioId: number; }; }' is not assignable to type '{ reaccionId: number; unique_usuario_noticia: ReaccionContenidoUnique_usuario_noticiaCompoundUniqueInput; unique_usuario_articulo: ReaccionContenidoUnique_usuario_articuloCompoundUniqueInput; unique_usuario_comentario_noticia: ReaccionContenidoUnique_usuario_comentario_noticiaCompoundUniqueInput; unique_usuario_come...'.
    Type '{ [x: string]: { [x: string]: number; usuarioId: number; }; }' is missing the following properties from type '{ reaccionId: number; unique_usuario_noticia: ReaccionContenidoUnique_usuario_noticiaCompoundUniqueInput; unique_usuario_articulo: ReaccionContenidoUnique_usuario_articuloCompoundUniqueInput; unique_usuario_comentario_noticia: ReaccionContenidoUnique_usuario_comentario_noticiaCompoundUniqueInput; unique_usuario_come...': reaccionId, unique_usuario_noticia, unique_usuario_articulo, unique_usuario_comentario_noticia, unique_usuario_comentario_articulo

[7m29[0m       where: whereClause,
[7m  [0m [91m      ~~~~~[0m

  [96mnode_modules/.prisma/client/index.d.ts[0m:[93m16406[0m:[93m5[0m
    [7m16406[0m     where: ReaccionContenidoWhereUniqueInput
    [7m     [0m [96m    ~~~~~[0m
    The expected type comes from property 'where' which is declared here on type '{ select?: ReaccionContenidoSelect<DefaultArgs> | null | undefined; omit?: ReaccionContenidoOmit<DefaultArgs> | null | undefined; include?: ReaccionContenidoInclude<...> | ... 1 more ... | undefined; where: ReaccionContenidoWhereUniqueInput; }'
[96msrc/modulos/reacciones/reacciones.repository.ts[0m:[93m74[0m:[93m71[0m - [91merror[0m[90m TS2322: [0mType '{ [x: string]: { [x: string]: number; usuarioId: number; }; }' is not assignable to type 'ReaccionContenidoWhereUniqueInput'.
  Type '{ [x: string]: { [x: string]: number; usuarioId: number; }; }' is not assignable to type '{ reaccionId: number; unique_usuario_noticia: ReaccionContenidoUnique_usuario_noticiaCompoundUniqueInput; unique_usuario_articulo: ReaccionContenidoUnique_usuario_articuloCompoundUniqueInput; unique_usuario_comentario_noticia: ReaccionContenidoUnique_usuario_comentario_noticiaCompoundUniqueInput; unique_usuario_come...'.
    Type '{ [x: string]: { [x: string]: number; usuarioId: number; }; }' is missing the following properties from type '{ reaccionId: number; unique_usuario_noticia: ReaccionContenidoUnique_usuario_noticiaCompoundUniqueInput; unique_usuario_articulo: ReaccionContenidoUnique_usuario_articuloCompoundUniqueInput; unique_usuario_comentario_noticia: ReaccionContenidoUnique_usuario_comentario_noticiaCompoundUniqueInput; unique_usuario_come...': reaccionId, unique_usuario_noticia, unique_usuario_articulo, unique_usuario_comentario_noticia, unique_usuario_comentario_articulo

[7m74[0m     const reaccion = await this.prisma.reaccionContenido.findUnique({ where: whereClause });
[7m  [0m [91m                                                                      ~~~~~[0m

  [96mnode_modules/.prisma/client/index.d.ts[0m:[93m16406[0m:[93m5[0m
    [7m16406[0m     where: ReaccionContenidoWhereUniqueInput
    [7m     [0m [96m    ~~~~~[0m
    The expected type comes from property 'where' which is declared here on type '{ select?: ReaccionContenidoSelect<DefaultArgs> | null | undefined; omit?: ReaccionContenidoOmit<DefaultArgs> | null | undefined; include?: ReaccionContenidoInclude<...> | ... 1 more ... | undefined; where: ReaccionContenidoWhereUniqueInput; }'

    at createTSError (D:\aneupi-tv-backend\node_modules\ts-node\src\index.ts:859:12)
    at reportTSError (D:\aneupi-tv-backend\node_modules\ts-node\src\index.ts:863:19)
    at getOutput (D:\aneupi-tv-backend\node_modules\ts-node\src\index.ts:1077:36)
    at Object.compile (D:\aneupi-tv-backend\node_modules\ts-node\src\index.ts:1433:41)
    at Module.m._compile (D:\aneupi-tv-backend\node_modules\ts-node\src\index.ts:1617:30)
    at node:internal/modules/cjs/loader:1895:10
    at Object.require.extensions.<computed> [as .ts] (D:\aneupi-tv-backend\node_modules\ts-node\src\index.ts:1621:12)
    at Module.load (node:internal/modules/cjs/loader:1465:32)
    at Function._load (node:internal/modules/cjs/loader:1282:12)
    at TracingChannel.traceSync (node:diagnostics_channel:322:14)
2025-11-17 19:37:54 error: 	uncaughtException: ⨯ Unable to compile TypeScript:
[96msrc/modulos/articulos/articulos.service.ts[0m:[93m55[0m:[93m66[0m - [91merror[0m[90m TS2345: [0mArgument of type '{ categoria: { categoriaId: number; nombre: string; }; autor: { usuarioId: number; nombre_completo: string; email: string; }; _count: { comentarios: number; }; } & { titulo: string; url_imagen: string; ... 9 more ...; tiempo_lectura: number; }' is not assignable to parameter of type '{ articulo_id: number; }'.
  Property 'articulo_id' is missing in type '{ categoria: { categoriaId: number; nombre: string; }; autor: { usuarioId: number; nombre_completo: string; email: string; }; _count: { comentarios: number; }; } & { titulo: string; url_imagen: string; ... 9 more ...; tiempo_lectura: number; }' but required in type '{ articulo_id: number; }'.

[7m55[0m       return articulos.map((articulo) => this.adjuntarReacciones(articulo));
[7m  [0m [91m                                                                 ~~~~~~~~[0m

  [96msrc/modulos/articulos/articulos.service.ts[0m:[93m29[0m:[93m42[0m
    [7m29[0m   private adjuntarReacciones<T extends { articulo_id: number }>(
    [7m  [0m [96m                                         ~~~~~~~~~~~[0m
    'articulo_id' is declared here.
[96msrc/modulos/articulos/articulos.service.ts[0m:[93m58[0m:[93m48[0m - [91merror[0m[90m TS2551: [0mProperty 'articulo_id' does not exist on type '{ categoria: { categoriaId: number; nombre: string; }; autor: { usuarioId: number; nombre_completo: string; email: string; }; _count: { comentarios: number; }; } & { titulo: string; url_imagen: string; ... 9 more ...; tiempo_lectura: number; }'. Did you mean 'articuloId'?

[7m58[0m     const articuloIds = articulos.map((a) => a.articulo_id);
[7m  [0m [91m                                               ~~~~~~~~~~~[0m
[96msrc/modulos/articulos/articulos.service.ts[0m:[93m65[0m:[93m31[0m - [91merror[0m[90m TS2345: [0mArgument of type '{ categoria: { categoriaId: number; nombre: string; }; autor: { usuarioId: number; nombre_completo: string; email: string; }; _count: { comentarios: number; }; } & { titulo: string; url_imagen: string; ... 9 more ...; tiempo_lectura: number; }' is not assignable to parameter of type '{ articulo_id: number; }'.
  Property 'articulo_id' is missing in type '{ categoria: { categoriaId: number; nombre: string; }; autor: { usuarioId: number; nombre_completo: string; email: string; }; _count: { comentarios: number; }; } & { titulo: string; url_imagen: string; ... 9 more ...; tiempo_lectura: number; }' but required in type '{ articulo_id: number; }'.

[7m65[0m       this.adjuntarReacciones(articulo, conteos[articulo.articulo_id])
[7m  [0m [91m                              ~~~~~~~~[0m

  [96msrc/modulos/articulos/articulos.service.ts[0m:[93m29[0m:[93m42[0m
    [7m29[0m   private adjuntarReacciones<T extends { articulo_id: number }>(
    [7m  [0m [96m                                         ~~~~~~~~~~~[0m
    'articulo_id' is declared here.
[96msrc/modulos/articulos/articulos.service.ts[0m:[93m65[0m:[93m58[0m - [91merror[0m[90m TS2551: [0mProperty 'articulo_id' does not exist on type '{ categoria: { categoriaId: number; nombre: string; }; autor: { usuarioId: number; nombre_completo: string; email: string; }; _count: { comentarios: number; }; } & { titulo: string; url_imagen: string; ... 9 more ...; tiempo_lectura: number; }'. Did you mean 'articuloId'?

[7m65[0m       this.adjuntarReacciones(articulo, conteos[articulo.articulo_id])
[7m  [0m [91m                                                         ~~~~~~~~~~~[0m
[96msrc/modulos/articulos/articulos.service.ts[0m:[93m79[0m:[93m38[0m - [91merror[0m[90m TS2345: [0mArgument of type '{ categoria: { categoriaId: number; nombre: string; }; autor: { usuarioId: number; nombre_completo: string; email: string; rol: string; }; } & { titulo: string; url_imagen: string; url_preview_imagen: string; ... 8 more ...; tiempo_lectura: number; }' is not assignable to parameter of type '{ articulo_id: number; }'.
  Property 'articulo_id' is missing in type '{ categoria: { categoriaId: number; nombre: string; }; autor: { usuarioId: number; nombre_completo: string; email: string; rol: string; }; } & { titulo: string; url_imagen: string; url_preview_imagen: string; ... 8 more ...; tiempo_lectura: number; }' but required in type '{ articulo_id: number; }'.

[7m79[0m       return this.adjuntarReacciones(articulo);
[7m  [0m [91m                                     ~~~~~~~~[0m

  [96msrc/modulos/articulos/articulos.service.ts[0m:[93m29[0m:[93m42[0m
    [7m29[0m   private adjuntarReacciones<T extends { articulo_id: number }>(
    [7m  [0m [96m                                         ~~~~~~~~~~~[0m
    'articulo_id' is declared here.
[96msrc/modulos/articulos/articulos.service.ts[0m:[93m183[0m:[93m66[0m - [91merror[0m[90m TS2345: [0mArgument of type '{ categoria: { categoriaId: number; nombre: string; }; autor: { usuarioId: number; nombre_completo: string; }; } & { titulo: string; url_imagen: string; url_preview_imagen: string; estado: EstadoNoticia; ... 7 more ...; tiempo_lectura: number; }' is not assignable to parameter of type '{ articulo_id: number; }'.
  Property 'articulo_id' is missing in type '{ categoria: { categoriaId: number; nombre: string; }; autor: { usuarioId: number; nombre_completo: string; }; } & { titulo: string; url_imagen: string; url_preview_imagen: string; estado: EstadoNoticia; ... 7 more ...; tiempo_lectura: number; }' but required in type '{ articulo_id: number; }'.

[7m183[0m       return articulos.map((articulo) => this.adjuntarReacciones(articulo));
[7m   [0m [91m                                                                 ~~~~~~~~[0m

  [96msrc/modulos/articulos/articulos.service.ts[0m:[93m29[0m:[93m42[0m
    [7m29[0m   private adjuntarReacciones<T extends { articulo_id: number }>(
    [7m  [0m [96m                                         ~~~~~~~~~~~[0m
    'articulo_id' is declared here.
[96msrc/modulos/articulos/articulos.service.ts[0m:[93m186[0m:[93m48[0m - [91merror[0m[90m TS2551: [0mProperty 'articulo_id' does not exist on type '{ categoria: { categoriaId: number; nombre: string; }; autor: { usuarioId: number; nombre_completo: string; }; } & { titulo: string; url_imagen: string; url_preview_imagen: string; estado: EstadoNoticia; ... 7 more ...; tiempo_lectura: number; }'. Did you mean 'articuloId'?

[7m186[0m     const articuloIds = articulos.map((a) => a.articulo_id);
[7m   [0m [91m                                               ~~~~~~~~~~~[0m
[96msrc/modulos/articulos/articulos.service.ts[0m:[93m193[0m:[93m31[0m - [91merror[0m[90m TS2345: [0mArgument of type '{ categoria: { categoriaId: number; nombre: string; }; autor: { usuarioId: number; nombre_completo: string; }; } & { titulo: string; url_imagen: string; url_preview_imagen: string; estado: EstadoNoticia; ... 7 more ...; tiempo_lectura: number; }' is not assignable to parameter of type '{ articulo_id: number; }'.
  Property 'articulo_id' is missing in type '{ categoria: { categoriaId: number; nombre: string; }; autor: { usuarioId: number; nombre_completo: string; }; } & { titulo: string; url_imagen: string; url_preview_imagen: string; estado: EstadoNoticia; ... 7 more ...; tiempo_lectura: number; }' but required in type '{ articulo_id: number; }'.

[7m193[0m       this.adjuntarReacciones(articulo, conteos[articulo.articulo_id])
[7m   [0m [91m                              ~~~~~~~~[0m

  [96msrc/modulos/articulos/articulos.service.ts[0m:[93m29[0m:[93m42[0m
    [7m29[0m   private adjuntarReacciones<T extends { articulo_id: number }>(
    [7m  [0m [96m                                         ~~~~~~~~~~~[0m
    'articulo_id' is declared here.
[96msrc/modulos/articulos/articulos.service.ts[0m:[93m193[0m:[93m58[0m - [91merror[0m[90m TS2551: [0mProperty 'articulo_id' does not exist on type '{ categoria: { categoriaId: number; nombre: string; }; autor: { usuarioId: number; nombre_completo: string; }; } & { titulo: string; url_imagen: string; url_preview_imagen: string; estado: EstadoNoticia; ... 7 more ...; tiempo_lectura: number; }'. Did you mean 'articuloId'?

[7m193[0m       this.adjuntarReacciones(articulo, conteos[articulo.articulo_id])
[7m   [0m [91m                                                         ~~~~~~~~~~~[0m

TSError: ⨯ Unable to compile TypeScript:
[96msrc/modulos/articulos/articulos.service.ts[0m:[93m55[0m:[93m66[0m - [91merror[0m[90m TS2345: [0mArgument of type '{ categoria: { categoriaId: number; nombre: string; }; autor: { usuarioId: number; nombre_completo: string; email: string; }; _count: { comentarios: number; }; } & { titulo: string; url_imagen: string; ... 9 more ...; tiempo_lectura: number; }' is not assignable to parameter of type '{ articulo_id: number; }'.
  Property 'articulo_id' is missing in type '{ categoria: { categoriaId: number; nombre: string; }; autor: { usuarioId: number; nombre_completo: string; email: string; }; _count: { comentarios: number; }; } & { titulo: string; url_imagen: string; ... 9 more ...; tiempo_lectura: number; }' but required in type '{ articulo_id: number; }'.

[7m55[0m       return articulos.map((articulo) => this.adjuntarReacciones(articulo));
[7m  [0m [91m                                                                 ~~~~~~~~[0m

  [96msrc/modulos/articulos/articulos.service.ts[0m:[93m29[0m:[93m42[0m
    [7m29[0m   private adjuntarReacciones<T extends { articulo_id: number }>(
    [7m  [0m [96m                                         ~~~~~~~~~~~[0m
    'articulo_id' is declared here.
[96msrc/modulos/articulos/articulos.service.ts[0m:[93m58[0m:[93m48[0m - [91merror[0m[90m TS2551: [0mProperty 'articulo_id' does not exist on type '{ categoria: { categoriaId: number; nombre: string; }; autor: { usuarioId: number; nombre_completo: string; email: string; }; _count: { comentarios: number; }; } & { titulo: string; url_imagen: string; ... 9 more ...; tiempo_lectura: number; }'. Did you mean 'articuloId'?

[7m58[0m     const articuloIds = articulos.map((a) => a.articulo_id);
[7m  [0m [91m                                               ~~~~~~~~~~~[0m
[96msrc/modulos/articulos/articulos.service.ts[0m:[93m65[0m:[93m31[0m - [91merror[0m[90m TS2345: [0mArgument of type '{ categoria: { categoriaId: number; nombre: string; }; autor: { usuarioId: number; nombre_completo: string; email: string; }; _count: { comentarios: number; }; } & { titulo: string; url_imagen: string; ... 9 more ...; tiempo_lectura: number; }' is not assignable to parameter of type '{ articulo_id: number; }'.
  Property 'articulo_id' is missing in type '{ categoria: { categoriaId: number; nombre: string; }; autor: { usuarioId: number; nombre_completo: string; email: string; }; _count: { comentarios: number; }; } & { titulo: string; url_imagen: string; ... 9 more ...; tiempo_lectura: number; }' but required in type '{ articulo_id: number; }'.

[7m65[0m       this.adjuntarReacciones(articulo, conteos[articulo.articulo_id])
[7m  [0m [91m                              ~~~~~~~~[0m

  [96msrc/modulos/articulos/articulos.service.ts[0m:[93m29[0m:[93m42[0m
    [7m29[0m   private adjuntarReacciones<T extends { articulo_id: number }>(
    [7m  [0m [96m                                         ~~~~~~~~~~~[0m
    'articulo_id' is declared here.
[96msrc/modulos/articulos/articulos.service.ts[0m:[93m65[0m:[93m58[0m - [91merror[0m[90m TS2551: [0mProperty 'articulo_id' does not exist on type '{ categoria: { categoriaId: number; nombre: string; }; autor: { usuarioId: number; nombre_completo: string; email: string; }; _count: { comentarios: number; }; } & { titulo: string; url_imagen: string; ... 9 more ...; tiempo_lectura: number; }'. Did you mean 'articuloId'?

[7m65[0m       this.adjuntarReacciones(articulo, conteos[articulo.articulo_id])
[7m  [0m [91m                                                         ~~~~~~~~~~~[0m
[96msrc/modulos/articulos/articulos.service.ts[0m:[93m79[0m:[93m38[0m - [91merror[0m[90m TS2345: [0mArgument of type '{ categoria: { categoriaId: number; nombre: string; }; autor: { usuarioId: number; nombre_completo: string; email: string; rol: string; }; } & { titulo: string; url_imagen: string; url_preview_imagen: string; ... 8 more ...; tiempo_lectura: number; }' is not assignable to parameter of type '{ articulo_id: number; }'.
  Property 'articulo_id' is missing in type '{ categoria: { categoriaId: number; nombre: string; }; autor: { usuarioId: number; nombre_completo: string; email: string; rol: string; }; } & { titulo: string; url_imagen: string; url_preview_imagen: string; ... 8 more ...; tiempo_lectura: number; }' but required in type '{ articulo_id: number; }'.

[7m79[0m       return this.adjuntarReacciones(articulo);
[7m  [0m [91m                                     ~~~~~~~~[0m

  [96msrc/modulos/articulos/articulos.service.ts[0m:[93m29[0m:[93m42[0m
    [7m29[0m   private adjuntarReacciones<T extends { articulo_id: number }>(
    [7m  [0m [96m                                         ~~~~~~~~~~~[0m
    'articulo_id' is declared here.
[96msrc/modulos/articulos/articulos.service.ts[0m:[93m183[0m:[93m66[0m - [91merror[0m[90m TS2345: [0mArgument of type '{ categoria: { categoriaId: number; nombre: string; }; autor: { usuarioId: number; nombre_completo: string; }; } & { titulo: string; url_imagen: string; url_preview_imagen: string; estado: EstadoNoticia; ... 7 more ...; tiempo_lectura: number; }' is not assignable to parameter of type '{ articulo_id: number; }'.
  Property 'articulo_id' is missing in type '{ categoria: { categoriaId: number; nombre: string; }; autor: { usuarioId: number; nombre_completo: string; }; } & { titulo: string; url_imagen: string; url_preview_imagen: string; estado: EstadoNoticia; ... 7 more ...; tiempo_lectura: number; }' but required in type '{ articulo_id: number; }'.

[7m183[0m       return articulos.map((articulo) => this.adjuntarReacciones(articulo));
[7m   [0m [91m                                                                 ~~~~~~~~[0m

  [96msrc/modulos/articulos/articulos.service.ts[0m:[93m29[0m:[93m42[0m
    [7m29[0m   private adjuntarReacciones<T extends { articulo_id: number }>(
    [7m  [0m [96m                                         ~~~~~~~~~~~[0m
    'articulo_id' is declared here.
[96msrc/modulos/articulos/articulos.service.ts[0m:[93m186[0m:[93m48[0m - [91merror[0m[90m TS2551: [0mProperty 'articulo_id' does not exist on type '{ categoria: { categoriaId: number; nombre: string; }; autor: { usuarioId: number; nombre_completo: string; }; } & { titulo: string; url_imagen: string; url_preview_imagen: string; estado: EstadoNoticia; ... 7 more ...; tiempo_lectura: number; }'. Did you mean 'articuloId'?

[7m186[0m     const articuloIds = articulos.map((a) => a.articulo_id);
[7m   [0m [91m                                               ~~~~~~~~~~~[0m
[96msrc/modulos/articulos/articulos.service.ts[0m:[93m193[0m:[93m31[0m - [91merror[0m[90m TS2345: [0mArgument of type '{ categoria: { categoriaId: number; nombre: string; }; autor: { usuarioId: number; nombre_completo: string; }; } & { titulo: string; url_imagen: string; url_preview_imagen: string; estado: EstadoNoticia; ... 7 more ...; tiempo_lectura: number; }' is not assignable to parameter of type '{ articulo_id: number; }'.
  Property 'articulo_id' is missing in type '{ categoria: { categoriaId: number; nombre: string; }; autor: { usuarioId: number; nombre_completo: string; }; } & { titulo: string; url_imagen: string; url_preview_imagen: string; estado: EstadoNoticia; ... 7 more ...; tiempo_lectura: number; }' but required in type '{ articulo_id: number; }'.

[7m193[0m       this.adjuntarReacciones(articulo, conteos[articulo.articulo_id])
[7m   [0m [91m                              ~~~~~~~~[0m

  [96msrc/modulos/articulos/articulos.service.ts[0m:[93m29[0m:[93m42[0m
    [7m29[0m   private adjuntarReacciones<T extends { articulo_id: number }>(
    [7m  [0m [96m                                         ~~~~~~~~~~~[0m
    'articulo_id' is declared here.
[96msrc/modulos/articulos/articulos.service.ts[0m:[93m193[0m:[93m58[0m - [91merror[0m[90m TS2551: [0mProperty 'articulo_id' does not exist on type '{ categoria: { categoriaId: number; nombre: string; }; autor: { usuarioId: number; nombre_completo: string; }; } & { titulo: string; url_imagen: string; url_preview_imagen: string; estado: EstadoNoticia; ... 7 more ...; tiempo_lectura: number; }'. Did you mean 'articuloId'?

[7m193[0m       this.adjuntarReacciones(articulo, conteos[articulo.articulo_id])
[7m   [0m [91m                                                         ~~~~~~~~~~~[0m

    at createTSError (D:\aneupi-tv-backend\node_modules\ts-node\src\index.ts:859:12)
    at reportTSError (D:\aneupi-tv-backend\node_modules\ts-node\src\index.ts:863:19)
    at getOutput (D:\aneupi-tv-backend\node_modules\ts-node\src\index.ts:1077:36)
    at Object.compile (D:\aneupi-tv-backend\node_modules\ts-node\src\index.ts:1433:41)
    at Module.m._compile (D:\aneupi-tv-backend\node_modules\ts-node\src\index.ts:1617:30)
    at node:internal/modules/cjs/loader:1895:10
    at Object.require.extensions.<computed> [as .ts] (D:\aneupi-tv-backend\node_modules\ts-node\src\index.ts:1621:12)
    at Module.load (node:internal/modules/cjs/loader:1465:32)
    at Function._load (node:internal/modules/cjs/loader:1282:12)
    at TracingChannel.traceSync (node:diagnostics_channel:322:14)
2025-11-17 19:43:03 error: 	uncaughtException: ⨯ Unable to compile TypeScript:
[96msrc/modulos/articulos/articulos.service.ts[0m:[93m55[0m:[93m66[0m - [91merror[0m[90m TS2345: [0mArgument of type '{ categoria: { categoriaId: number; nombre: string; }; autor: { usuarioId: number; nombre_completo: string; email: string; }; _count: { comentarios: number; }; } & { titulo: string; url_imagen: string; ... 9 more ...; tiempo_lectura: number; }' is not assignable to parameter of type '{ articulo_id: number; }'.
  Property 'articulo_id' is missing in type '{ categoria: { categoriaId: number; nombre: string; }; autor: { usuarioId: number; nombre_completo: string; email: string; }; _count: { comentarios: number; }; } & { titulo: string; url_imagen: string; ... 9 more ...; tiempo_lectura: number; }' but required in type '{ articulo_id: number; }'.

[7m55[0m       return articulos.map((articulo) => this.adjuntarReacciones(articulo));
[7m  [0m [91m                                                                 ~~~~~~~~[0m

  [96msrc/modulos/articulos/articulos.service.ts[0m:[93m29[0m:[93m42[0m
    [7m29[0m   private adjuntarReacciones<T extends { articulo_id: number }>(
    [7m  [0m [96m                                         ~~~~~~~~~~~[0m
    'articulo_id' is declared here.
[96msrc/modulos/articulos/articulos.service.ts[0m:[93m58[0m:[93m48[0m - [91merror[0m[90m TS2551: [0mProperty 'articulo_id' does not exist on type '{ categoria: { categoriaId: number; nombre: string; }; autor: { usuarioId: number; nombre_completo: string; email: string; }; _count: { comentarios: number; }; } & { titulo: string; url_imagen: string; ... 9 more ...; tiempo_lectura: number; }'. Did you mean 'articuloId'?

[7m58[0m     const articuloIds = articulos.map((a) => a.articulo_id);
[7m  [0m [91m                                               ~~~~~~~~~~~[0m
[96msrc/modulos/articulos/articulos.service.ts[0m:[93m65[0m:[93m31[0m - [91merror[0m[90m TS2345: [0mArgument of type '{ categoria: { categoriaId: number; nombre: string; }; autor: { usuarioId: number; nombre_completo: string; email: string; }; _count: { comentarios: number; }; } & { titulo: string; url_imagen: string; ... 9 more ...; tiempo_lectura: number; }' is not assignable to parameter of type '{ articulo_id: number; }'.
  Property 'articulo_id' is missing in type '{ categoria: { categoriaId: number; nombre: string; }; autor: { usuarioId: number; nombre_completo: string; email: string; }; _count: { comentarios: number; }; } & { titulo: string; url_imagen: string; ... 9 more ...; tiempo_lectura: number; }' but required in type '{ articulo_id: number; }'.

[7m65[0m       this.adjuntarReacciones(articulo, conteos[articulo.articulo_id])
[7m  [0m [91m                              ~~~~~~~~[0m

  [96msrc/modulos/articulos/articulos.service.ts[0m:[93m29[0m:[93m42[0m
    [7m29[0m   private adjuntarReacciones<T extends { articulo_id: number }>(
    [7m  [0m [96m                                         ~~~~~~~~~~~[0m
    'articulo_id' is declared here.
[96msrc/modulos/articulos/articulos.service.ts[0m:[93m65[0m:[93m58[0m - [91merror[0m[90m TS2551: [0mProperty 'articulo_id' does not exist on type '{ categoria: { categoriaId: number; nombre: string; }; autor: { usuarioId: number; nombre_completo: string; email: string; }; _count: { comentarios: number; }; } & { titulo: string; url_imagen: string; ... 9 more ...; tiempo_lectura: number; }'. Did you mean 'articuloId'?

[7m65[0m       this.adjuntarReacciones(articulo, conteos[articulo.articulo_id])
[7m  [0m [91m                                                         ~~~~~~~~~~~[0m
[96msrc/modulos/articulos/articulos.service.ts[0m:[93m79[0m:[93m38[0m - [91merror[0m[90m TS2345: [0mArgument of type '{ categoria: { categoriaId: number; nombre: string; }; autor: { usuarioId: number; nombre_completo: string; email: string; rol: string; }; } & { titulo: string; url_imagen: string; url_preview_imagen: string; ... 8 more ...; tiempo_lectura: number; }' is not assignable to parameter of type '{ articulo_id: number; }'.
  Property 'articulo_id' is missing in type '{ categoria: { categoriaId: number; nombre: string; }; autor: { usuarioId: number; nombre_completo: string; email: string; rol: string; }; } & { titulo: string; url_imagen: string; url_preview_imagen: string; ... 8 more ...; tiempo_lectura: number; }' but required in type '{ articulo_id: number; }'.

[7m79[0m       return this.adjuntarReacciones(articulo);
[7m  [0m [91m                                     ~~~~~~~~[0m

  [96msrc/modulos/articulos/articulos.service.ts[0m:[93m29[0m:[93m42[0m
    [7m29[0m   private adjuntarReacciones<T extends { articulo_id: number }>(
    [7m  [0m [96m                                         ~~~~~~~~~~~[0m
    'articulo_id' is declared here.
[96msrc/modulos/articulos/articulos.service.ts[0m:[93m183[0m:[93m66[0m - [91merror[0m[90m TS2345: [0mArgument of type '{ categoria: { categoriaId: number; nombre: string; }; autor: { usuarioId: number; nombre_completo: string; }; } & { titulo: string; url_imagen: string; url_preview_imagen: string; estado: EstadoNoticia; ... 7 more ...; tiempo_lectura: number; }' is not assignable to parameter of type '{ articulo_id: number; }'.
  Property 'articulo_id' is missing in type '{ categoria: { categoriaId: number; nombre: string; }; autor: { usuarioId: number; nombre_completo: string; }; } & { titulo: string; url_imagen: string; url_preview_imagen: string; estado: EstadoNoticia; ... 7 more ...; tiempo_lectura: number; }' but required in type '{ articulo_id: number; }'.

[7m183[0m       return articulos.map((articulo) => this.adjuntarReacciones(articulo));
[7m   [0m [91m                                                                 ~~~~~~~~[0m

  [96msrc/modulos/articulos/articulos.service.ts[0m:[93m29[0m:[93m42[0m
    [7m29[0m   private adjuntarReacciones<T extends { articulo_id: number }>(
    [7m  [0m [96m                                         ~~~~~~~~~~~[0m
    'articulo_id' is declared here.
[96msrc/modulos/articulos/articulos.service.ts[0m:[93m186[0m:[93m48[0m - [91merror[0m[90m TS2551: [0mProperty 'articulo_id' does not exist on type '{ categoria: { categoriaId: number; nombre: string; }; autor: { usuarioId: number; nombre_completo: string; }; } & { titulo: string; url_imagen: string; url_preview_imagen: string; estado: EstadoNoticia; ... 7 more ...; tiempo_lectura: number; }'. Did you mean 'articuloId'?

[7m186[0m     const articuloIds = articulos.map((a) => a.articulo_id);
[7m   [0m [91m                                               ~~~~~~~~~~~[0m
[96msrc/modulos/articulos/articulos.service.ts[0m:[93m193[0m:[93m31[0m - [91merror[0m[90m TS2345: [0mArgument of type '{ categoria: { categoriaId: number; nombre: string; }; autor: { usuarioId: number; nombre_completo: string; }; } & { titulo: string; url_imagen: string; url_preview_imagen: string; estado: EstadoNoticia; ... 7 more ...; tiempo_lectura: number; }' is not assignable to parameter of type '{ articulo_id: number; }'.
  Property 'articulo_id' is missing in type '{ categoria: { categoriaId: number; nombre: string; }; autor: { usuarioId: number; nombre_completo: string; }; } & { titulo: string; url_imagen: string; url_preview_imagen: string; estado: EstadoNoticia; ... 7 more ...; tiempo_lectura: number; }' but required in type '{ articulo_id: number; }'.

[7m193[0m       this.adjuntarReacciones(articulo, conteos[articulo.articulo_id])
[7m   [0m [91m                              ~~~~~~~~[0m

  [96msrc/modulos/articulos/articulos.service.ts[0m:[93m29[0m:[93m42[0m
    [7m29[0m   private adjuntarReacciones<T extends { articulo_id: number }>(
    [7m  [0m [96m                                         ~~~~~~~~~~~[0m
    'articulo_id' is declared here.
[96msrc/modulos/articulos/articulos.service.ts[0m:[93m193[0m:[93m58[0m - [91merror[0m[90m TS2551: [0mProperty 'articulo_id' does not exist on type '{ categoria: { categoriaId: number; nombre: string; }; autor: { usuarioId: number; nombre_completo: string; }; } & { titulo: string; url_imagen: string; url_preview_imagen: string; estado: EstadoNoticia; ... 7 more ...; tiempo_lectura: number; }'. Did you mean 'articuloId'?

[7m193[0m       this.adjuntarReacciones(articulo, conteos[articulo.articulo_id])
[7m   [0m [91m                                                         ~~~~~~~~~~~[0m

TSError: ⨯ Unable to compile TypeScript:
[96msrc/modulos/articulos/articulos.service.ts[0m:[93m55[0m:[93m66[0m - [91merror[0m[90m TS2345: [0mArgument of type '{ categoria: { categoriaId: number; nombre: string; }; autor: { usuarioId: number; nombre_completo: string; email: string; }; _count: { comentarios: number; }; } & { titulo: string; url_imagen: string; ... 9 more ...; tiempo_lectura: number; }' is not assignable to parameter of type '{ articulo_id: number; }'.
  Property 'articulo_id' is missing in type '{ categoria: { categoriaId: number; nombre: string; }; autor: { usuarioId: number; nombre_completo: string; email: string; }; _count: { comentarios: number; }; } & { titulo: string; url_imagen: string; ... 9 more ...; tiempo_lectura: number; }' but required in type '{ articulo_id: number; }'.

[7m55[0m       return articulos.map((articulo) => this.adjuntarReacciones(articulo));
[7m  [0m [91m                                                                 ~~~~~~~~[0m

  [96msrc/modulos/articulos/articulos.service.ts[0m:[93m29[0m:[93m42[0m
    [7m29[0m   private adjuntarReacciones<T extends { articulo_id: number }>(
    [7m  [0m [96m                                         ~~~~~~~~~~~[0m
    'articulo_id' is declared here.
[96msrc/modulos/articulos/articulos.service.ts[0m:[93m58[0m:[93m48[0m - [91merror[0m[90m TS2551: [0mProperty 'articulo_id' does not exist on type '{ categoria: { categoriaId: number; nombre: string; }; autor: { usuarioId: number; nombre_completo: string; email: string; }; _count: { comentarios: number; }; } & { titulo: string; url_imagen: string; ... 9 more ...; tiempo_lectura: number; }'. Did you mean 'articuloId'?

[7m58[0m     const articuloIds = articulos.map((a) => a.articulo_id);
[7m  [0m [91m                                               ~~~~~~~~~~~[0m
[96msrc/modulos/articulos/articulos.service.ts[0m:[93m65[0m:[93m31[0m - [91merror[0m[90m TS2345: [0mArgument of type '{ categoria: { categoriaId: number; nombre: string; }; autor: { usuarioId: number; nombre_completo: string; email: string; }; _count: { comentarios: number; }; } & { titulo: string; url_imagen: string; ... 9 more ...; tiempo_lectura: number; }' is not assignable to parameter of type '{ articulo_id: number; }'.
  Property 'articulo_id' is missing in type '{ categoria: { categoriaId: number; nombre: string; }; autor: { usuarioId: number; nombre_completo: string; email: string; }; _count: { comentarios: number; }; } & { titulo: string; url_imagen: string; ... 9 more ...; tiempo_lectura: number; }' but required in type '{ articulo_id: number; }'.

[7m65[0m       this.adjuntarReacciones(articulo, conteos[articulo.articulo_id])
[7m  [0m [91m                              ~~~~~~~~[0m

  [96msrc/modulos/articulos/articulos.service.ts[0m:[93m29[0m:[93m42[0m
    [7m29[0m   private adjuntarReacciones<T extends { articulo_id: number }>(
    [7m  [0m [96m                                         ~~~~~~~~~~~[0m
    'articulo_id' is declared here.
[96msrc/modulos/articulos/articulos.service.ts[0m:[93m65[0m:[93m58[0m - [91merror[0m[90m TS2551: [0mProperty 'articulo_id' does not exist on type '{ categoria: { categoriaId: number; nombre: string; }; autor: { usuarioId: number; nombre_completo: string; email: string; }; _count: { comentarios: number; }; } & { titulo: string; url_imagen: string; ... 9 more ...; tiempo_lectura: number; }'. Did you mean 'articuloId'?

[7m65[0m       this.adjuntarReacciones(articulo, conteos[articulo.articulo_id])
[7m  [0m [91m                                                         ~~~~~~~~~~~[0m
[96msrc/modulos/articulos/articulos.service.ts[0m:[93m79[0m:[93m38[0m - [91merror[0m[90m TS2345: [0mArgument of type '{ categoria: { categoriaId: number; nombre: string; }; autor: { usuarioId: number; nombre_completo: string; email: string; rol: string; }; } & { titulo: string; url_imagen: string; url_preview_imagen: string; ... 8 more ...; tiempo_lectura: number; }' is not assignable to parameter of type '{ articulo_id: number; }'.
  Property 'articulo_id' is missing in type '{ categoria: { categoriaId: number; nombre: string; }; autor: { usuarioId: number; nombre_completo: string; email: string; rol: string; }; } & { titulo: string; url_imagen: string; url_preview_imagen: string; ... 8 more ...; tiempo_lectura: number; }' but required in type '{ articulo_id: number; }'.

[7m79[0m       return this.adjuntarReacciones(articulo);
[7m  [0m [91m                                     ~~~~~~~~[0m

  [96msrc/modulos/articulos/articulos.service.ts[0m:[93m29[0m:[93m42[0m
    [7m29[0m   private adjuntarReacciones<T extends { articulo_id: number }>(
    [7m  [0m [96m                                         ~~~~~~~~~~~[0m
    'articulo_id' is declared here.
[96msrc/modulos/articulos/articulos.service.ts[0m:[93m183[0m:[93m66[0m - [91merror[0m[90m TS2345: [0mArgument of type '{ categoria: { categoriaId: number; nombre: string; }; autor: { usuarioId: number; nombre_completo: string; }; } & { titulo: string; url_imagen: string; url_preview_imagen: string; estado: EstadoNoticia; ... 7 more ...; tiempo_lectura: number; }' is not assignable to parameter of type '{ articulo_id: number; }'.
  Property 'articulo_id' is missing in type '{ categoria: { categoriaId: number; nombre: string; }; autor: { usuarioId: number; nombre_completo: string; }; } & { titulo: string; url_imagen: string; url_preview_imagen: string; estado: EstadoNoticia; ... 7 more ...; tiempo_lectura: number; }' but required in type '{ articulo_id: number; }'.

[7m183[0m       return articulos.map((articulo) => this.adjuntarReacciones(articulo));
[7m   [0m [91m                                                                 ~~~~~~~~[0m

  [96msrc/modulos/articulos/articulos.service.ts[0m:[93m29[0m:[93m42[0m
    [7m29[0m   private adjuntarReacciones<T extends { articulo_id: number }>(
    [7m  [0m [96m                                         ~~~~~~~~~~~[0m
    'articulo_id' is declared here.
[96msrc/modulos/articulos/articulos.service.ts[0m:[93m186[0m:[93m48[0m - [91merror[0m[90m TS2551: [0mProperty 'articulo_id' does not exist on type '{ categoria: { categoriaId: number; nombre: string; }; autor: { usuarioId: number; nombre_completo: string; }; } & { titulo: string; url_imagen: string; url_preview_imagen: string; estado: EstadoNoticia; ... 7 more ...; tiempo_lectura: number; }'. Did you mean 'articuloId'?

[7m186[0m     const articuloIds = articulos.map((a) => a.articulo_id);
[7m   [0m [91m                                               ~~~~~~~~~~~[0m
[96msrc/modulos/articulos/articulos.service.ts[0m:[93m193[0m:[93m31[0m - [91merror[0m[90m TS2345: [0mArgument of type '{ categoria: { categoriaId: number; nombre: string; }; autor: { usuarioId: number; nombre_completo: string; }; } & { titulo: string; url_imagen: string; url_preview_imagen: string; estado: EstadoNoticia; ... 7 more ...; tiempo_lectura: number; }' is not assignable to parameter of type '{ articulo_id: number; }'.
  Property 'articulo_id' is missing in type '{ categoria: { categoriaId: number; nombre: string; }; autor: { usuarioId: number; nombre_completo: string; }; } & { titulo: string; url_imagen: string; url_preview_imagen: string; estado: EstadoNoticia; ... 7 more ...; tiempo_lectura: number; }' but required in type '{ articulo_id: number; }'.

[7m193[0m       this.adjuntarReacciones(articulo, conteos[articulo.articulo_id])
[7m   [0m [91m                              ~~~~~~~~[0m

  [96msrc/modulos/articulos/articulos.service.ts[0m:[93m29[0m:[93m42[0m
    [7m29[0m   private adjuntarReacciones<T extends { articulo_id: number }>(
    [7m  [0m [96m                                         ~~~~~~~~~~~[0m
    'articulo_id' is declared here.
[96msrc/modulos/articulos/articulos.service.ts[0m:[93m193[0m:[93m58[0m - [91merror[0m[90m TS2551: [0mProperty 'articulo_id' does not exist on type '{ categoria: { categoriaId: number; nombre: string; }; autor: { usuarioId: number; nombre_completo: string; }; } & { titulo: string; url_imagen: string; url_preview_imagen: string; estado: EstadoNoticia; ... 7 more ...; tiempo_lectura: number; }'. Did you mean 'articuloId'?

[7m193[0m       this.adjuntarReacciones(articulo, conteos[articulo.articulo_id])
[7m   [0m [91m                                                         ~~~~~~~~~~~[0m

    at createTSError (D:\aneupi-tv-backend\node_modules\ts-node\src\index.ts:859:12)
    at reportTSError (D:\aneupi-tv-backend\node_modules\ts-node\src\index.ts:863:19)
    at getOutput (D:\aneupi-tv-backend\node_modules\ts-node\src\index.ts:1077:36)
    at Object.compile (D:\aneupi-tv-backend\node_modules\ts-node\src\index.ts:1433:41)
    at Module.m._compile (D:\aneupi-tv-backend\node_modules\ts-node\src\index.ts:1617:30)
    at node:internal/modules/cjs/loader:1895:10
    at Object.require.extensions.<computed> [as .ts] (D:\aneupi-tv-backend\node_modules\ts-node\src\index.ts:1621:12)
    at Module.load (node:internal/modules/cjs/loader:1465:32)
    at Function._load (node:internal/modules/cjs/loader:1282:12)
    at TracingChannel.traceSync (node:diagnostics_channel:322:14)
2025-11-17 19:44:00 error: 	uncaughtException: ⨯ Unable to compile TypeScript:
[96msrc/modulos/articulos/articulos.service.ts[0m:[93m55[0m:[93m66[0m - [91merror[0m[90m TS2345: [0mArgument of type '{ categoria: { categoriaId: number; nombre: string; }; autor: { usuarioId: number; nombre_completo: string; email: string; }; _count: { comentarios: number; }; } & { titulo: string; url_imagen: string; ... 9 more ...; tiempo_lectura: number; }' is not assignable to parameter of type '{ articulo_id: number; }'.
  Property 'articulo_id' is missing in type '{ categoria: { categoriaId: number; nombre: string; }; autor: { usuarioId: number; nombre_completo: string; email: string; }; _count: { comentarios: number; }; } & { titulo: string; url_imagen: string; ... 9 more ...; tiempo_lectura: number; }' but required in type '{ articulo_id: number; }'.

[7m55[0m       return articulos.map((articulo) => this.adjuntarReacciones(articulo));
[7m  [0m [91m                                                                 ~~~~~~~~[0m

  [96msrc/modulos/articulos/articulos.service.ts[0m:[93m29[0m:[93m42[0m
    [7m29[0m   private adjuntarReacciones<T extends { articulo_id: number }>(
    [7m  [0m [96m                                         ~~~~~~~~~~~[0m
    'articulo_id' is declared here.
[96msrc/modulos/articulos/articulos.service.ts[0m:[93m58[0m:[93m48[0m - [91merror[0m[90m TS2551: [0mProperty 'articulo_id' does not exist on type '{ categoria: { categoriaId: number; nombre: string; }; autor: { usuarioId: number; nombre_completo: string; email: string; }; _count: { comentarios: number; }; } & { titulo: string; url_imagen: string; ... 9 more ...; tiempo_lectura: number; }'. Did you mean 'articuloId'?

[7m58[0m     const articuloIds = articulos.map((a) => a.articulo_id);
[7m  [0m [91m                                               ~~~~~~~~~~~[0m
[96msrc/modulos/articulos/articulos.service.ts[0m:[93m65[0m:[93m31[0m - [91merror[0m[90m TS2345: [0mArgument of type '{ categoria: { categoriaId: number; nombre: string; }; autor: { usuarioId: number; nombre_completo: string; email: string; }; _count: { comentarios: number; }; } & { titulo: string; url_imagen: string; ... 9 more ...; tiempo_lectura: number; }' is not assignable to parameter of type '{ articulo_id: number; }'.
  Property 'articulo_id' is missing in type '{ categoria: { categoriaId: number; nombre: string; }; autor: { usuarioId: number; nombre_completo: string; email: string; }; _count: { comentarios: number; }; } & { titulo: string; url_imagen: string; ... 9 more ...; tiempo_lectura: number; }' but required in type '{ articulo_id: number; }'.

[7m65[0m       this.adjuntarReacciones(articulo, conteos[articulo.articulo_id])
[7m  [0m [91m                              ~~~~~~~~[0m

  [96msrc/modulos/articulos/articulos.service.ts[0m:[93m29[0m:[93m42[0m
    [7m29[0m   private adjuntarReacciones<T extends { articulo_id: number }>(
    [7m  [0m [96m                                         ~~~~~~~~~~~[0m
    'articulo_id' is declared here.
[96msrc/modulos/articulos/articulos.service.ts[0m:[93m65[0m:[93m58[0m - [91merror[0m[90m TS2551: [0mProperty 'articulo_id' does not exist on type '{ categoria: { categoriaId: number; nombre: string; }; autor: { usuarioId: number; nombre_completo: string; email: string; }; _count: { comentarios: number; }; } & { titulo: string; url_imagen: string; ... 9 more ...; tiempo_lectura: number; }'. Did you mean 'articuloId'?

[7m65[0m       this.adjuntarReacciones(articulo, conteos[articulo.articulo_id])
[7m  [0m [91m                                                         ~~~~~~~~~~~[0m
[96msrc/modulos/articulos/articulos.service.ts[0m:[93m79[0m:[93m38[0m - [91merror[0m[90m TS2345: [0mArgument of type '{ categoria: { categoriaId: number; nombre: string; }; autor: { usuarioId: number; nombre_completo: string; email: string; rol: string; }; } & { titulo: string; url_imagen: string; url_preview_imagen: string; ... 8 more ...; tiempo_lectura: number; }' is not assignable to parameter of type '{ articulo_id: number; }'.
  Property 'articulo_id' is missing in type '{ categoria: { categoriaId: number; nombre: string; }; autor: { usuarioId: number; nombre_completo: string; email: string; rol: string; }; } & { titulo: string; url_imagen: string; url_preview_imagen: string; ... 8 more ...; tiempo_lectura: number; }' but required in type '{ articulo_id: number; }'.

[7m79[0m       return this.adjuntarReacciones(articulo);
[7m  [0m [91m                                     ~~~~~~~~[0m

  [96msrc/modulos/articulos/articulos.service.ts[0m:[93m29[0m:[93m42[0m
    [7m29[0m   private adjuntarReacciones<T extends { articulo_id: number }>(
    [7m  [0m [96m                                         ~~~~~~~~~~~[0m
    'articulo_id' is declared here.
[96msrc/modulos/articulos/articulos.service.ts[0m:[93m183[0m:[93m66[0m - [91merror[0m[90m TS2345: [0mArgument of type '{ categoria: { categoriaId: number; nombre: string; }; autor: { usuarioId: number; nombre_completo: string; }; } & { titulo: string; url_imagen: string; url_preview_imagen: string; estado: EstadoNoticia; ... 7 more ...; tiempo_lectura: number; }' is not assignable to parameter of type '{ articulo_id: number; }'.
  Property 'articulo_id' is missing in type '{ categoria: { categoriaId: number; nombre: string; }; autor: { usuarioId: number; nombre_completo: string; }; } & { titulo: string; url_imagen: string; url_preview_imagen: string; estado: EstadoNoticia; ... 7 more ...; tiempo_lectura: number; }' but required in type '{ articulo_id: number; }'.

[7m183[0m       return articulos.map((articulo) => this.adjuntarReacciones(articulo));
[7m   [0m [91m                                                                 ~~~~~~~~[0m

  [96msrc/modulos/articulos/articulos.service.ts[0m:[93m29[0m:[93m42[0m
    [7m29[0m   private adjuntarReacciones<T extends { articulo_id: number }>(
    [7m  [0m [96m                                         ~~~~~~~~~~~[0m
    'articulo_id' is declared here.
[96msrc/modulos/articulos/articulos.service.ts[0m:[93m186[0m:[93m48[0m - [91merror[0m[90m TS2551: [0mProperty 'articulo_id' does not exist on type '{ categoria: { categoriaId: number; nombre: string; }; autor: { usuarioId: number; nombre_completo: string; }; } & { titulo: string; url_imagen: string; url_preview_imagen: string; estado: EstadoNoticia; ... 7 more ...; tiempo_lectura: number; }'. Did you mean 'articuloId'?

[7m186[0m     const articuloIds = articulos.map((a) => a.articulo_id);
[7m   [0m [91m                                               ~~~~~~~~~~~[0m
[96msrc/modulos/articulos/articulos.service.ts[0m:[93m193[0m:[93m31[0m - [91merror[0m[90m TS2345: [0mArgument of type '{ categoria: { categoriaId: number; nombre: string; }; autor: { usuarioId: number; nombre_completo: string; }; } & { titulo: string; url_imagen: string; url_preview_imagen: string; estado: EstadoNoticia; ... 7 more ...; tiempo_lectura: number; }' is not assignable to parameter of type '{ articulo_id: number; }'.
  Property 'articulo_id' is missing in type '{ categoria: { categoriaId: number; nombre: string; }; autor: { usuarioId: number; nombre_completo: string; }; } & { titulo: string; url_imagen: string; url_preview_imagen: string; estado: EstadoNoticia; ... 7 more ...; tiempo_lectura: number; }' but required in type '{ articulo_id: number; }'.

[7m193[0m       this.adjuntarReacciones(articulo, conteos[articulo.articulo_id])
[7m   [0m [91m                              ~~~~~~~~[0m

  [96msrc/modulos/articulos/articulos.service.ts[0m:[93m29[0m:[93m42[0m
    [7m29[0m   private adjuntarReacciones<T extends { articulo_id: number }>(
    [7m  [0m [96m                                         ~~~~~~~~~~~[0m
    'articulo_id' is declared here.
[96msrc/modulos/articulos/articulos.service.ts[0m:[93m193[0m:[93m58[0m - [91merror[0m[90m TS2551: [0mProperty 'articulo_id' does not exist on type '{ categoria: { categoriaId: number; nombre: string; }; autor: { usuarioId: number; nombre_completo: string; }; } & { titulo: string; url_imagen: string; url_preview_imagen: string; estado: EstadoNoticia; ... 7 more ...; tiempo_lectura: number; }'. Did you mean 'articuloId'?

[7m193[0m       this.adjuntarReacciones(articulo, conteos[articulo.articulo_id])
[7m   [0m [91m                                                         ~~~~~~~~~~~[0m

TSError: ⨯ Unable to compile TypeScript:
[96msrc/modulos/articulos/articulos.service.ts[0m:[93m55[0m:[93m66[0m - [91merror[0m[90m TS2345: [0mArgument of type '{ categoria: { categoriaId: number; nombre: string; }; autor: { usuarioId: number; nombre_completo: string; email: string; }; _count: { comentarios: number; }; } & { titulo: string; url_imagen: string; ... 9 more ...; tiempo_lectura: number; }' is not assignable to parameter of type '{ articulo_id: number; }'.
  Property 'articulo_id' is missing in type '{ categoria: { categoriaId: number; nombre: string; }; autor: { usuarioId: number; nombre_completo: string; email: string; }; _count: { comentarios: number; }; } & { titulo: string; url_imagen: string; ... 9 more ...; tiempo_lectura: number; }' but required in type '{ articulo_id: number; }'.

[7m55[0m       return articulos.map((articulo) => this.adjuntarReacciones(articulo));
[7m  [0m [91m                                                                 ~~~~~~~~[0m

  [96msrc/modulos/articulos/articulos.service.ts[0m:[93m29[0m:[93m42[0m
    [7m29[0m   private adjuntarReacciones<T extends { articulo_id: number }>(
    [7m  [0m [96m                                         ~~~~~~~~~~~[0m
    'articulo_id' is declared here.
[96msrc/modulos/articulos/articulos.service.ts[0m:[93m58[0m:[93m48[0m - [91merror[0m[90m TS2551: [0mProperty 'articulo_id' does not exist on type '{ categoria: { categoriaId: number; nombre: string; }; autor: { usuarioId: number; nombre_completo: string; email: string; }; _count: { comentarios: number; }; } & { titulo: string; url_imagen: string; ... 9 more ...; tiempo_lectura: number; }'. Did you mean 'articuloId'?

[7m58[0m     const articuloIds = articulos.map((a) => a.articulo_id);
[7m  [0m [91m                                               ~~~~~~~~~~~[0m
[96msrc/modulos/articulos/articulos.service.ts[0m:[93m65[0m:[93m31[0m - [91merror[0m[90m TS2345: [0mArgument of type '{ categoria: { categoriaId: number; nombre: string; }; autor: { usuarioId: number; nombre_completo: string; email: string; }; _count: { comentarios: number; }; } & { titulo: string; url_imagen: string; ... 9 more ...; tiempo_lectura: number; }' is not assignable to parameter of type '{ articulo_id: number; }'.
  Property 'articulo_id' is missing in type '{ categoria: { categoriaId: number; nombre: string; }; autor: { usuarioId: number; nombre_completo: string; email: string; }; _count: { comentarios: number; }; } & { titulo: string; url_imagen: string; ... 9 more ...; tiempo_lectura: number; }' but required in type '{ articulo_id: number; }'.

[7m65[0m       this.adjuntarReacciones(articulo, conteos[articulo.articulo_id])
[7m  [0m [91m                              ~~~~~~~~[0m

  [96msrc/modulos/articulos/articulos.service.ts[0m:[93m29[0m:[93m42[0m
    [7m29[0m   private adjuntarReacciones<T extends { articulo_id: number }>(
    [7m  [0m [96m                                         ~~~~~~~~~~~[0m
    'articulo_id' is declared here.
[96msrc/modulos/articulos/articulos.service.ts[0m:[93m65[0m:[93m58[0m - [91merror[0m[90m TS2551: [0mProperty 'articulo_id' does not exist on type '{ categoria: { categoriaId: number; nombre: string; }; autor: { usuarioId: number; nombre_completo: string; email: string; }; _count: { comentarios: number; }; } & { titulo: string; url_imagen: string; ... 9 more ...; tiempo_lectura: number; }'. Did you mean 'articuloId'?

[7m65[0m       this.adjuntarReacciones(articulo, conteos[articulo.articulo_id])
[7m  [0m [91m                                                         ~~~~~~~~~~~[0m
[96msrc/modulos/articulos/articulos.service.ts[0m:[93m79[0m:[93m38[0m - [91merror[0m[90m TS2345: [0mArgument of type '{ categoria: { categoriaId: number; nombre: string; }; autor: { usuarioId: number; nombre_completo: string; email: string; rol: string; }; } & { titulo: string; url_imagen: string; url_preview_imagen: string; ... 8 more ...; tiempo_lectura: number; }' is not assignable to parameter of type '{ articulo_id: number; }'.
  Property 'articulo_id' is missing in type '{ categoria: { categoriaId: number; nombre: string; }; autor: { usuarioId: number; nombre_completo: string; email: string; rol: string; }; } & { titulo: string; url_imagen: string; url_preview_imagen: string; ... 8 more ...; tiempo_lectura: number; }' but required in type '{ articulo_id: number; }'.

[7m79[0m       return this.adjuntarReacciones(articulo);
[7m  [0m [91m                                     ~~~~~~~~[0m

  [96msrc/modulos/articulos/articulos.service.ts[0m:[93m29[0m:[93m42[0m
    [7m29[0m   private adjuntarReacciones<T extends { articulo_id: number }>(
    [7m  [0m [96m                                         ~~~~~~~~~~~[0m
    'articulo_id' is declared here.
[96msrc/modulos/articulos/articulos.service.ts[0m:[93m183[0m:[93m66[0m - [91merror[0m[90m TS2345: [0mArgument of type '{ categoria: { categoriaId: number; nombre: string; }; autor: { usuarioId: number; nombre_completo: string; }; } & { titulo: string; url_imagen: string; url_preview_imagen: string; estado: EstadoNoticia; ... 7 more ...; tiempo_lectura: number; }' is not assignable to parameter of type '{ articulo_id: number; }'.
  Property 'articulo_id' is missing in type '{ categoria: { categoriaId: number; nombre: string; }; autor: { usuarioId: number; nombre_completo: string; }; } & { titulo: string; url_imagen: string; url_preview_imagen: string; estado: EstadoNoticia; ... 7 more ...; tiempo_lectura: number; }' but required in type '{ articulo_id: number; }'.

[7m183[0m       return articulos.map((articulo) => this.adjuntarReacciones(articulo));
[7m   [0m [91m                                                                 ~~~~~~~~[0m

  [96msrc/modulos/articulos/articulos.service.ts[0m:[93m29[0m:[93m42[0m
    [7m29[0m   private adjuntarReacciones<T extends { articulo_id: number }>(
    [7m  [0m [96m                                         ~~~~~~~~~~~[0m
    'articulo_id' is declared here.
[96msrc/modulos/articulos/articulos.service.ts[0m:[93m186[0m:[93m48[0m - [91merror[0m[90m TS2551: [0mProperty 'articulo_id' does not exist on type '{ categoria: { categoriaId: number; nombre: string; }; autor: { usuarioId: number; nombre_completo: string; }; } & { titulo: string; url_imagen: string; url_preview_imagen: string; estado: EstadoNoticia; ... 7 more ...; tiempo_lectura: number; }'. Did you mean 'articuloId'?

[7m186[0m     const articuloIds = articulos.map((a) => a.articulo_id);
[7m   [0m [91m                                               ~~~~~~~~~~~[0m
[96msrc/modulos/articulos/articulos.service.ts[0m:[93m193[0m:[93m31[0m - [91merror[0m[90m TS2345: [0mArgument of type '{ categoria: { categoriaId: number; nombre: string; }; autor: { usuarioId: number; nombre_completo: string; }; } & { titulo: string; url_imagen: string; url_preview_imagen: string; estado: EstadoNoticia; ... 7 more ...; tiempo_lectura: number; }' is not assignable to parameter of type '{ articulo_id: number; }'.
  Property 'articulo_id' is missing in type '{ categoria: { categoriaId: number; nombre: string; }; autor: { usuarioId: number; nombre_completo: string; }; } & { titulo: string; url_imagen: string; url_preview_imagen: string; estado: EstadoNoticia; ... 7 more ...; tiempo_lectura: number; }' but required in type '{ articulo_id: number; }'.

[7m193[0m       this.adjuntarReacciones(articulo, conteos[articulo.articulo_id])
[7m   [0m [91m                              ~~~~~~~~[0m

  [96msrc/modulos/articulos/articulos.service.ts[0m:[93m29[0m:[93m42[0m
    [7m29[0m   private adjuntarReacciones<T extends { articulo_id: number }>(
    [7m  [0m [96m                                         ~~~~~~~~~~~[0m
    'articulo_id' is declared here.
[96msrc/modulos/articulos/articulos.service.ts[0m:[93m193[0m:[93m58[0m - [91merror[0m[90m TS2551: [0mProperty 'articulo_id' does not exist on type '{ categoria: { categoriaId: number; nombre: string; }; autor: { usuarioId: number; nombre_completo: string; }; } & { titulo: string; url_imagen: string; url_preview_imagen: string; estado: EstadoNoticia; ... 7 more ...; tiempo_lectura: number; }'. Did you mean 'articuloId'?

[7m193[0m       this.adjuntarReacciones(articulo, conteos[articulo.articulo_id])
[7m   [0m [91m                                                         ~~~~~~~~~~~[0m

    at createTSError (D:\aneupi-tv-backend\node_modules\ts-node\src\index.ts:859:12)
    at reportTSError (D:\aneupi-tv-backend\node_modules\ts-node\src\index.ts:863:19)
    at getOutput (D:\aneupi-tv-backend\node_modules\ts-node\src\index.ts:1077:36)
    at Object.compile (D:\aneupi-tv-backend\node_modules\ts-node\src\index.ts:1433:41)
    at Module.m._compile (D:\aneupi-tv-backend\node_modules\ts-node\src\index.ts:1617:30)
    at node:internal/modules/cjs/loader:1895:10
    at Object.require.extensions.<computed> [as .ts] (D:\aneupi-tv-backend\node_modules\ts-node\src\index.ts:1621:12)
    at Module.load (node:internal/modules/cjs/loader:1465:32)
    at Function._load (node:internal/modules/cjs/loader:1282:12)
    at TracingChannel.traceSync (node:diagnostics_channel:322:14)
2025-11-24 19:26:36 error: 	uncaughtException: Cannot find module 'D:\aneupi-tv-backend\node_modules\@prisma\client\runtime\library.js'
Error: Cannot find module 'D:\aneupi-tv-backend\node_modules\@prisma\client\runtime\library.js'
    at createEsmNotFoundErr (node:internal/modules/cjs/loader:1437:15)
    at finalizeEsmResolution (node:internal/modules/cjs/loader:1426:15)
    at resolveExports (node:internal/modules/cjs/loader:657:14)
    at Function._findPath (node:internal/modules/cjs/loader:749:31)
    at Function.<anonymous> (node:internal/modules/cjs/loader:1387:27)
    at Function.Module._resolveFilename.sharedData.moduleResolveFilenameHook.installedValue [as _resolveFilename] (D:\aneupi-tv-backend\node_modules\@cspotcode\source-map-support\source-map-support.js:811:30)
    at defaultResolveImpl (node:internal/modules/cjs/loader:1057:19)
    at resolveForCJSWithHooks (node:internal/modules/cjs/loader:1062:22)
    at Function._load (node:internal/modules/cjs/loader:1211:37)
    at TracingChannel.traceSync (node:diagnostics_channel:322:14)
2025-11-24 21:58:36 error: 	uncaughtException: Cannot find module 'D:\aneupi-tv-backend\node_modules\@prisma\client\runtime\library.js'
Error: Cannot find module 'D:\aneupi-tv-backend\node_modules\@prisma\client\runtime\library.js'
    at createEsmNotFoundErr (node:internal/modules/cjs/loader:1437:15)
    at finalizeEsmResolution (node:internal/modules/cjs/loader:1426:15)
    at resolveExports (node:internal/modules/cjs/loader:657:14)
    at Function._findPath (node:internal/modules/cjs/loader:749:31)
    at Function.<anonymous> (node:internal/modules/cjs/loader:1387:27)
    at Function.Module._resolveFilename.sharedData.moduleResolveFilenameHook.installedValue [as _resolveFilename] (D:\aneupi-tv-backend\node_modules\@cspotcode\source-map-support\source-map-support.js:811:30)
    at defaultResolveImpl (node:internal/modules/cjs/loader:1057:19)
    at resolveForCJSWithHooks (node:internal/modules/cjs/loader:1062:22)
    at Function._load (node:internal/modules/cjs/loader:1211:37)
    at TracingChannel.traceSync (node:diagnostics_channel:322:14)
2025-11-24 22:00:37 error: 	uncaughtException: Cannot find module 'D:\aneupi-tv-backend\node_modules\@prisma\client\runtime\library.js'
Error: Cannot find module 'D:\aneupi-tv-backend\node_modules\@prisma\client\runtime\library.js'
    at createEsmNotFoundErr (node:internal/modules/cjs/loader:1437:15)
    at finalizeEsmResolution (node:internal/modules/cjs/loader:1426:15)
    at resolveExports (node:internal/modules/cjs/loader:657:14)
    at Function._findPath (node:internal/modules/cjs/loader:749:31)
    at Function.<anonymous> (node:internal/modules/cjs/loader:1387:27)
    at Function.Module._resolveFilename.sharedData.moduleResolveFilenameHook.installedValue [as _resolveFilename] (D:\aneupi-tv-backend\node_modules\@cspotcode\source-map-support\source-map-support.js:811:30)
    at defaultResolveImpl (node:internal/modules/cjs/loader:1057:19)
    at resolveForCJSWithHooks (node:internal/modules/cjs/loader:1062:22)
    at Function._load (node:internal/modules/cjs/loader:1211:37)
    at TracingChannel.traceSync (node:diagnostics_channel:322:14)
2025-11-24 22:02:53 error: 	uncaughtException: Cannot find module 'D:\aneupi-tv-backend\node_modules\@prisma\client\runtime\library.js'
Error: Cannot find module 'D:\aneupi-tv-backend\node_modules\@prisma\client\runtime\library.js'
    at createEsmNotFoundErr (node:internal/modules/cjs/loader:1437:15)
    at finalizeEsmResolution (node:internal/modules/cjs/loader:1426:15)
    at resolveExports (node:internal/modules/cjs/loader:657:14)
    at Function._findPath (node:internal/modules/cjs/loader:749:31)
    at Function.<anonymous> (node:internal/modules/cjs/loader:1387:27)
    at Function.Module._resolveFilename.sharedData.moduleResolveFilenameHook.installedValue [as _resolveFilename] (D:\aneupi-tv-backend\node_modules\@cspotcode\source-map-support\source-map-support.js:811:30)
    at defaultResolveImpl (node:internal/modules/cjs/loader:1057:19)
    at resolveForCJSWithHooks (node:internal/modules/cjs/loader:1062:22)
    at Function._load (node:internal/modules/cjs/loader:1211:37)
    at TracingChannel.traceSync (node:diagnostics_channel:322:14)
2025-11-24 22:07:29 error: 	uncaughtException: Cannot find module 'D:\aneupi-tv-backend\node_modules\@prisma\client\runtime\library.js'
Error: Cannot find module 'D:\aneupi-tv-backend\node_modules\@prisma\client\runtime\library.js'
    at createEsmNotFoundErr (node:internal/modules/cjs/loader:1437:15)
    at finalizeEsmResolution (node:internal/modules/cjs/loader:1426:15)
    at resolveExports (node:internal/modules/cjs/loader:657:14)
    at Function._findPath (node:internal/modules/cjs/loader:749:31)
    at Function.<anonymous> (node:internal/modules/cjs/loader:1387:27)
    at Function.Module._resolveFilename.sharedData.moduleResolveFilenameHook.installedValue [as _resolveFilename] (D:\aneupi-tv-backend\node_modules\@cspotcode\source-map-support\source-map-support.js:811:30)
    at defaultResolveImpl (node:internal/modules/cjs/loader:1057:19)
    at resolveForCJSWithHooks (node:internal/modules/cjs/loader:1062:22)
    at Function._load (node:internal/modules/cjs/loader:1211:37)
    at TracingChannel.traceSync (node:diagnostics_channel:322:14)
2025-11-24 22:10:00 error: 	uncaughtException: Cannot find module 'D:\aneupi-tv-backend\node_modules\@prisma\client\runtime\library.js'
Error: Cannot find module 'D:\aneupi-tv-backend\node_modules\@prisma\client\runtime\library.js'
    at createEsmNotFoundErr (node:internal/modules/cjs/loader:1437:15)
    at finalizeEsmResolution (node:internal/modules/cjs/loader:1426:15)
    at resolveExports (node:internal/modules/cjs/loader:657:14)
    at Function._findPath (node:internal/modules/cjs/loader:749:31)
    at Function.<anonymous> (node:internal/modules/cjs/loader:1387:27)
    at Function.Module._resolveFilename.sharedData.moduleResolveFilenameHook.installedValue [as _resolveFilename] (D:\aneupi-tv-backend\node_modules\@cspotcode\source-map-support\source-map-support.js:811:30)
    at defaultResolveImpl (node:internal/modules/cjs/loader:1057:19)
    at resolveForCJSWithHooks (node:internal/modules/cjs/loader:1062:22)
    at Function._load (node:internal/modules/cjs/loader:1211:37)
    at TracingChannel.traceSync (node:diagnostics_channel:322:14)
2025-11-24 22:14:06 error: 	uncaughtException: Cannot find module 'D:\aneupi-tv-backend\node_modules\@prisma\client\runtime\library.js'
Error: Cannot find module 'D:\aneupi-tv-backend\node_modules\@prisma\client\runtime\library.js'
    at createEsmNotFoundErr (node:internal/modules/cjs/loader:1437:15)
    at finalizeEsmResolution (node:internal/modules/cjs/loader:1426:15)
    at resolveExports (node:internal/modules/cjs/loader:657:14)
    at Function._findPath (node:internal/modules/cjs/loader:749:31)
    at Function.<anonymous> (node:internal/modules/cjs/loader:1387:27)
    at Function.Module._resolveFilename.sharedData.moduleResolveFilenameHook.installedValue [as _resolveFilename] (D:\aneupi-tv-backend\node_modules\@cspotcode\source-map-support\source-map-support.js:811:30)
    at defaultResolveImpl (node:internal/modules/cjs/loader:1057:19)
    at resolveForCJSWithHooks (node:internal/modules/cjs/loader:1062:22)
    at Function._load (node:internal/modules/cjs/loader:1211:37)
    at TracingChannel.traceSync (node:diagnostics_channel:322:14)
2026-05-04 09:21:35 error: 	uncaughtException: listen EADDRINUSE: address already in use :::4000
Error: listen EADDRINUSE: address already in use :::4000
    at Server.setupListenHandle [as _listen2] (node:net:2008:16)
    at listenInCluster (node:net:2065:12)
    at Server.listen (node:net:2170:7)
    at C:\ANEUPI_TV\backend\src\index.ts:99:14
    at step (C:\ANEUPI_TV\backend\src\index.ts:66:23)
    at Object.next (C:\ANEUPI_TV\backend\src\index.ts:47:53)
    at fulfilled (C:\ANEUPI_TV\backend\src\index.ts:38:58)
    at processTicksAndRejections (node:internal/process/task_queues:104:5)
